"","position","nucleotide","variant","vmr","mean","variance","n_cells_detected","n_cells_over_5","n_cells_over_10","n_cells_over_20","strand_correlation","mean_coverage"
"1382G>A",1382,"G>A","1382G>A",0.0451791585419526,0.0038338,0.0001732,44,7,1,1,0.739753588410272,271.431334622824
"1403G>A",1403,"G>A","1403G>A",0.0262170379232457,0.0039131,0.0001026,42,6,0,0,0.742659341370888,307.450676982592
"1769G>A",1769,"G>A","1769G>A",1.60305522294563,0.0152149,0.0243903,116,13,13,13,0.996291983528329,3538.2166344294
"2013G>A",2013,"G>A","2013G>A",0.151043815913071,0.0049191,0.000743,48,8,8,7,0.999528140140865,5301.66924564797
"2648G>A",2648,"G>A","2648G>A",0.316552213415837,0.0186906,0.0059165,129,16,16,16,0.999384915971548,4579.41779497099
"3777G>A",3777,"G>A","3777G>A",0.10926583196614,0.0066914,0.0007311,23,15,13,1,0.994580076702446,690.574468085106
"4771G>A",4771,"G>A","4771G>A",1.05231377582739,0.0036817,0.0038743,24,15,15,10,0.702162307825895,279.493230174081
"6575G>A",6575,"G>A","6575G>A",0.0296213100974739,0.0022831,6.76e-05,31,7,0,0,0.920526283332235,669.282398452611
"6692G>A",6692,"G>A","6692G>A",0.0846382748077982,0.0260257,0.0022028,390,53,2,1,0.854161126870731,563.348162475822
"7055G>A",7055,"G>A","7055G>A",0.315360929679872,0.019682,0.0062069,18,16,16,16,0.98500702921686,231.63249516441
"7341G>A",7341,"G>A","7341G>A",0.585967001442001,0.047971,0.0281094,17,15,15,15,0.98927725946777,343.050290135396
"7589G>A",7589,"G>A","7589G>A",0.0718120948162847,0.0043008,0.0003089,12,16,6,0,0.843747292111649,298.624758220503
"7755G>A",7755,"G>A","7755G>A",0.195018892143152,0.0066234,0.0012917,16,8,8,8,0.994485488204096,855.938104448743
"10574G>A",10574,"G>A","10574G>A",0.0120321140834461,0.0061222,7.37e-05,209,5,0,0,0.735316536360101,944.332688588008
"10587G>A",10587,"G>A","10587G>A",0.0306263651855072,0.0018962,5.81e-05,25,5,0,0,0.967929307799904,944.551257253385
"10681G>A",10681,"G>A","10681G>A",0.0434746907197223,0.0041643,0.000181,43,12,2,0,0.978548210796284,1006.53384912959
"11457G>A",11457,"G>A","11457G>A",0.240408907936368,0.0171426,0.0041212,36,16,15,15,0.993103008748231,475.023210831721
"11563G>A",11563,"G>A","11563G>A",0.0451154304307429,0.008014,0.0003616,81,14,4,1,0.967633954684976,504.676982591876
"11643G>A",11643,"G>A","11643G>A",0.0875597108690462,0.0023525,0.000206,24,12,3,0,0.842413507317263,413.560928433269
"12737G>A",12737,"G>A","12737G>A",0.197379568742302,0.0074446,0.0014694,26,17,15,9,0.925765651602459,265.531914893617
"13094G>A",13094,"G>A","13094G>A",0.111392638889735,0.0077558,0.0008639,19,16,12,4,0.966112528248952,199.764023210832
"13482G>A",13482,"G>A","13482G>A",0.0380566286330144,0.0061923,0.0002357,58,12,2,0,0.696546533554061,206.471953578337
"14012G>A",14012,"G>A","14012G>A",0.0634399237751354,0.0043393,0.0002753,21,8,3,1,0.675902764400368,143.531914893617
"14306G>A",14306,"G>A","14306G>A",0.318704440012365,0.0159983,0.0050987,15,15,15,15,0.965798531442164,99.5029013539652
"15004G>A",15004,"G>A","15004G>A",0.377823504753958,0.0122832,0.0046409,20,15,15,14,0.969772529201314,328.166344294004
"15078G>A",15078,"G>A","15078G>A",0.0284806968065476,0.0085458,0.0002434,118,12,3,0,0.801029083469291,423.249516441006
"15351G>A",15351,"G>A","15351G>A",0.0235585171470939,0.0072228,0.0001702,105,7,1,0,0.681046384184038,332.332688588008
"781T>C",781,"T>C","781T>C",0.692763612476511,0.0095162,0.0065925,28,16,16,16,0.989209789273066,556.922630560928
"3242A>C",3242,"A>C","3242A>C",0.0666881939940761,0.0019337,0.000129,5,5,3,0,0.858445852619045,96.0251450676983
"5413T>C",5413,"T>C","5413T>C",0.0688271479373652,0.0014718,0.0001013,6,5,2,0,0.766393342106438,97.2533849129594
"6051T>C",6051,"T>C","6051T>C",0.187421557013174,0.0023931,0.0004485,26,13,11,1,0.919464191661217,500.315280464217
"6506T>C",6506,"T>C","6506T>C",0.05185694352792,0.0024412,0.0001266,42,5,3,0,0.952953598069956,740.030947775629
"6758T>C",6758,"T>C","6758T>C",0.428471441807289,0.0084701,0.0036292,16,16,16,15,0.913271484089881,323.131528046422
"7276T>C",7276,"T>C","7276T>C",0.525240917586905,0.02667,0.0140082,24,16,16,16,0.990397035038539,396.058027079304
"7661T>C",7661,"T>C","7661T>C",0.99946641142707,0.0299053,0.0298894,19,16,16,16,0.996642909734034,907.441005802708
"8382A>C",8382,"A>C","8382A>C",0.11668339097362,0.0043564,0.0005083,8,11,9,2,0.716081613573396,85.6924564796905
"8979T>C",8979,"T>C","8979T>C",1.1047321932841,0.0109529,0.0121,13,10,9,8,0.967571508017584,208.382978723404
"9508T>C",9508,"T>C","9508T>C",0.402884133987246,0.0076917,0.0030988,24,21,17,13,0.852508714962317,137.052224371373
"9911T>C",9911,"T>C","9911T>C",0.122749391235975,0.0022275,0.0002734,14,10,6,0,0.872573300564169,220.557059961315
"10077T>C",10077,"T>C","10077T>C",0.0480684644433238,0.0013886,6.67e-05,0,5,1,0,0.675663924692176,51.5396518375242
"10167T>C",10167,"T>C","10167T>C",0.553562044474447,0.0186864,0.0103441,16,16,16,16,0.982831590389075,150.814313346228
"11366T>C",11366,"T>C","11366T>C",0.0287116461196918,0.0112429,0.0003228,210,16,4,1,0.830133036814964,587.001934235977
"11623A>C",11623,"A>C","11623A>C",0.0436254392781383,0.0019053,8.31e-05,11,5,1,0,0.685467913354946,448.704061895551
"12566T>C",12566,"T>C","12566T>C",0.0364013649440545,0.0028485,0.0001037,32,5,1,0,0.891564805417298,291.305609284333
"13370T>C",13370,"T>C","13370T>C",0.0372120152529603,0.0023454,8.73e-05,20,5,1,0,0.694957303633717,250.705996131528
"14094T>C",14094,"T>C","14094T>C",0.0568853541671281,0.0065491,0.0003725,20,13,8,0,0.911559613721623,129.065764023211
"14222T>C",14222,"T>C","14222T>C",0.250222581043827,0.0009409,0.0002354,2,5,3,2,0.829938000949828,84.2804642166344
"15282T>C",15282,"T>C","15282T>C",1.87606675495621,0.0010586,0.001986,11,5,2,1,0.802449694433096,429.392649903288
"15640T>C",15640,"T>C","15640T>C",0.35127707634207,0.0019791,0.0006952,12,12,8,2,0.86615604793266,305.907156673114
"1084A>G",1084,"A>G","1084A>G",0.382781568367352,0.0093214,0.0035681,15,16,15,15,0.97824696232169,463.357833655706
"1448A>G",1448,"A>G","1448A>G",1.29068135682822,0.0187332,0.0241786,13,13,13,13,0.974917092527558,303.147001934236
"2253A>G",2253,"A>G","2253A>G",0.911348765291871,0.007787,0.0070966,27,13,13,13,0.998357256607449,3984.23984526112
"2310A>G",2310,"A>G","2310A>G",1.23716621977524,0.0197755,0.0244656,32,13,13,13,0.999512922813808,4066.43713733075
"2625A>G",2625,"A>G","2625A>G",0.0472575700916555,0.0016903,7.99e-05,51,6,0,0,0.983589623038989,4629.95938104449
"2983A>G",2983,"A>G","2983A>G",0.072381993205837,0.0018339,0.0001327,30,10,1,0,0.991504986025186,3732.64216634429
"3745A>G",3745,"A>G","3745A>G",0.0686602510543009,0.0031501,0.0002163,16,11,5,0,0.984461269851843,628.764023210832
"3996A>G",3996,"A>G","3996A>G",0.657968734201561,0.0053256,0.0035041,17,15,15,13,0.918201235352644,569.852998065764
"5110A>G",5110,"A>G","5110A>G",0.116189194152723,0.0043895,0.00051,12,10,6,3,0.961709168609429,253.37330754352
"5915A>G",5915,"A>G","5915A>G",0.14864257347644,0.0044669,0.000664,2,8,8,4,0.829538023522734,79.2417794970986
"6713A>G",6713,"A>G","6713A>G",0.246009748430664,0.0023157,0.0005697,14,15,10,2,0.882388492713401,546.276595744681
"11720A>G",11720,"A>G","11720A>G",0.0170684916639175,0.9814375,0.0167517,513,513,512,505,0.948409937292574,352.201160541586
"12561A>G",12561,"A>G","12561A>G",0.250829316062603,0.018319,0.0045949,17,15,15,15,0.996195229993907,274.630560928433
"13328A>G",13328,"A>G","13328A>G",0.451469135313282,0.0139711,0.0063075,16,15,15,15,0.982261456263702,269.692456479691
"1034C>T",1034,"C>T","1034C>T",0.0571425293308053,0.0081177,0.0004639,215,6,2,1,0.736984240880775,695.518375241779
"9309A>T",9309,"A>T","9309A>T",0.0547990427454555,0.0027235,0.0001492,17,6,1,0,0.66391632586355,220.16247582205
"10235C>T",10235,"C>T","10235C>T",0.047412569720369,0.0027667,0.0001312,18,6,3,0,0.670771460067592,139.125725338491
"15281C>T",15281,"C>T","15281C>T",0.0745553101033659,0.00792,0.0005905,134,10,5,1,0.734748686155094,440.088974854932
