,0,1,2,3,4,5,6,7,8,9,10,11,12,13,14,15,16,17,18,19,20,21,22,23,24,25,26,27,28,29,30,31,32,33,34,35,36,37,38,39,40,41,42,43,44,45,46,47,48,49,50,51,52,53,54,55,56,57,58,59,60,61,62,63,64,65,66,67,68,69,70,71,72,73,74,75,76,77,78,79,80,81,82,83,84,85,86,87,88,89
chrM_5786_T_A,0.04519210809419385,0.037227639191816264,0.05044524278681393,0.04684612783435559,0.049581229273069995,0.04538550099724002,0.05112364868586259,0.04879717095111749,0.060985757831497095,0.05396345621048699,0.0446286646007802,0.04841301254574885,0.05091682790188532,0.04719556994945175,0.05404331826780576,0.05290512695971824,0.044262512849244255,0.049233929448776324,0.04814968506214714,0.053025390916536734,0.05170721146329843,0.059285224328794114,0.04922670617382469,0.04173975510742257,0.041249915765031814,0.0384285068119864,0.05736588996827243,0.04417650455276576,0.05240498208233104,0.053566383975289046,0.0003919323544228194,0.0035693851593348626,0.0018301338720843002,0.0021071949330505315,0.0027016702537931226,0.0010941853237991684,0.005228623823409894,0.001216192731815592,0.005622386838586371,0.00179316236838666,0.0007153737839002411,0.0013025810325066978,0.000559816255000543,0.00035820406808318285,0.0030881011836293684,0.00081534020829829,0.0009781862435534827,0.0008611842711084545,0.0017029532301328675,0.001964909564962661,0.002493808492339794,0.0011278408293255214,0.002001368786446107,0.0010597569533315478,0.0026237657732718026,0.0006966856911752986,0.0017357149581874371,0.00437252846472274,0.000871010823033991,0.0018508564431741882,0.0032713662781441665,0.001953833235785002,0.003375544559166932,0.004915222467138536,0.0007398537929478521,0.0014550635514181782,0.0012192951938196385,0.0011836859881890858,0.0006358069722960776,0.0031223656452902433,0.0003494144770075528,0.001512813761127109,0.0022412295180967196,0.0004340390354118413,0.0017671789531007558,0.002117376763609509,0.0004224494095886732,0.002115621533474068,0.0009615737805499885,0.001658221290535532,0.0012942802078836641,0.0007587079641367285,0.0006270855949054324,0.002423179960760495,0.0011164505486849355,0.0012508180275690923,0.0011244312165275966,0.0031234473433766853,0.0007300555087478036,0.004412482003764176
chrM_8355_C_A,0.04975860476067231,0.05067796017524793,0.05201452655352568,0.051994340633037775,0.05159054876678663,0.04360466708612467,0.05682701978244535,0.05359830281240986,0.050139786098738995,0.051342379441005614,0.05018385168635826,0.04913250329567336,0.044842137363787414,0.047147105751987106,0.056627909851224144,0.04787737892125882,0.05315177472025644,0.05072418197933615,0.04378644546329007,0.056981889320178336,0.04760562292385151,0.05159969081729792,0.050041911575941136,0.047378236147232154,0.0501794937289792,0.05151623442029798,0.05406009533512853,0.03953356185533832,0.049059566200184555,0.0553499521908339,0.002330158088891549,0.0008130832105572103,0.0001377909632916271,0.0011324971387388918,0.0017005254125040611,0.0012993839976576183,0.0006537353225617148,0.0005084325092272465,0.0027108274239699428,0.004167068456574746,0.003515513180228571,0.0013482521503466554,0.0021587177297894794,0.0015260526474108979,0.0014740845000026455,0.0010890720856047483,0.0032265052372111233,0.0006311088653298493,0.0017820980500237982,0.00014921478965666522,0.0025897460545536316,0.002184134748528054,0.001298322021101771,0.00040202722271136634,0.001226595353911293,0.0015223800248709927,0.001557938293484486,0.0041291728548907124,0.0040930390014153545,0.0024517915276260037,0.0020495622822913903,0.0038454276204859233,0.00018596504589504722,0.003735767128373465,0.0012115851500344131,0.0022388698037127883,0.0008306860753428669,0.0010813392216634781,0.0012872375320279513,0.0009991986617198443,0.0025986945700522796,0.00044517744408813833,0.004637539584309373,0.003643638390732111,0.0005229150057944169,0.0011207860251022197,0.002914602651261126,0.002759257370549624,0.0016313043238551797,0.0008444087398305055,0.0005062686796401318,0.002019950614243245,0.0018842990804335616,0.0005216311581098329,0.0020784704571518197,0.003912117020203783,0.004000490363410554,0.0003783783380125281,0.0009003727247310551,0.004189660151534237
chrM_2676_T_A,0.0429281271011109,0.0572432051528076,0.04953212024121965,0.057553955865856286,0.045269740303019154,0.04367507693209333,0.051666539004940414,0.05219737937747941,0.05013470441992447,0.04402979424849976,0.048992162605519606,0.05259759515343829,0.0534511099944336,0.04877553088830316,0.04306515606970186,0.054513949993769434,0.0549328279315988,0.041947097792486815,0.05085658865112093,0.04797489360703394,0.041203824155396536,0.050438393931905336,0.04263776839365783,0.05221367510048457,0.05939700455509023,0.04537868596598847,0.0530187507761314,0.05297450088399206,0.05470423698438952,0.04761483912544851,0.0030877445912556576,0.004498785689504076,0.002774040096437144,0.0010696870019094042,0.00017437177647082857,0.003448642684443591,0.0018429343167116086,0.0014613223068221503,0.004170716030306428,0.0010432095098279123,0.001151699871505263,0.0018783867282567703,0.0005688100304549121,0.0006542353100571816,0.0018378669305202798,0.0033584701341386985,0.003925611172906965,0.0007138081913667535,0.004235190960310073,0.0014517992914201041,0.0016791895400685806,0.002409601678620398,0.0004182385115740693,0.000425451039423259,0.001945711821601689,0.0007112775161409846,0.001442611718208757,0.0012487223753349984,0.0006539065880968342,0.0012250738035673753,0.0013872886899778277,0.0015115060821033564,0.00033893567335466343,0.0017348767892514975,0.0047139682150992126,0.00011503322428084377,0.004327481029537287,0.0015763878053175237,0.0016489592809506555,0.0009463862661683226,0.0012709345103653839,0.0012505431901318085,0.0037272296121654675,0.0009000484102826905,0.0030486784498257474,0.0002320220398447829,0.0023995877350823235,0.0006904592630899642,0.0023451140064203037,0.004677799486276144,0.0011836606106998449,0.0016960303751674577,0.001344359201040238,0.002208581620628103,0.0011202487642518013,0.0013813512446712141,0.0009304625869220081,0.0017609849548610266,0.0009168906189514962,0.0015371391525669349
chrM_14922_G_A,0.05484351512184414,0.048995943024334736,0.05455790648889722,0.059414525937727135,0.04792733731434131,0.04793394333700723,0.05460617978907455,0.049192097109247226,0.04946669235290108,0.0494817684653035,0.04813179953676062,0.05051786330134718,0.05408859486718616,0.04594100334703978,0.05316480079512901,0.04934817317219563,0.052999091153949816,0.05262665110864958,0.0491019792335238,0.05306021541205209,0.05265147408876868,0.049860363993250875,0.042262722027867315,0.04761749077076449,0.03893556352407051,0.05358467998799161,0.05007847102333178,0.04371796309212037,0.058663593964149656,0.05467832138650938,0.0008138052941969002,0.0015526586463995475,0.0015574230509195603,0.0010188590495218287,0.0012063484489545874,0.00031455171355342294,0.0008104990756995351,0.0007978270186260719,0.0007444739033709323,0.0036418213807401325,0.0008379220650280003,0.0011897511891940076,0.0017198519190100255,0.00042866503964214217,0.001130055461221626,0.004119518538338695,0.0014717840670099105,0.004143285728075872,0.0034998615379606066,0.0009238387914005848,0.0006515890088484676,0.0017309085069495184,0.002000453421492028,0.002179614058729758,0.0017011927908529402,0.00261917075807784,0.0012078293287038507,0.00018602112862553885,0.0014182540895387005,0.0029233927597132774,0.002703987147058097,0.001108158016081575,0.003974614176787785,0.003161817062330706,0.002769649144877529,0.000554928083657782,0.002018822014694027,0.002581238198386439,0.0004649902117073439,0.0028984002224975536,0.0012570236545218418,0.001633433505036705,0.002693193496836906,0.0031947192823114164,0.0026157819785060715,0.0025775148848610667,0.0024646468668713534,0.005066463165773462,0.0023211711298053344,0.0008878037926134368,0.0017040720838907672,0.0006819532736061122,0.0005900547407977744,0.00038189874444553065,0.0013732938697980904,0.00045186920142854044,0.003197496593719285,0.00139631237814329,0.0025086870732458784,0.003394305716544783
chrM_15009_T_A,0.04582102301624097,0.05213680178176633,0.05143708193970413,0.048202970937448554,0.05296538792039688,0.0593127190261352,0.05747961932941655,0.0485329228844139,0.04901403925618211,0.04967474348495736,0.0509741833494224,0.042768743028135596,0.04946268610557526,0.042972053019926286,0.050108622829061,0.039886366019198115,0.05943456063511285,0.04851759626883227,0.04583981444979662,0.05168908232975511,0.04766195392788,0.05250178071601114,0.0404645145102384,0.05369543261406392,0.05661862696820651,0.04427892888457554,0.05128728687302985,0.05349944995101667,0.05067431480790243,0.04737406351052062,0.0009306480952341477,0.0003939448011984155,0.00036209802920254315,0.0016531933399416832,0.0017797039002973225,0.0017229415637430464,0.0021026243563481164,0.00409340423298392,0.003078869144527585,0.0014981517838561467,0.0026128034471925264,0.001199489386106533,0.0019188666276785794,0.003129238203491141,0.0019087603911577976,0.0010744238531356825,0.0008586037939822167,0.000919997176560932,0.0025628600252047863,0.0017785452701166602,0.0009495742072137728,0.0012708630486911697,0.0024503548933775903,0.000969676617756867,0.0027084319932169196,0.0007066693669134125,0.00335830637863532,0.0025703439027363875,0.0014775829638819721,0.0011355994976316734,0.0009409506039394621,0.0015829106273140445,0.0011471329245073426,0.0045539608267902,0.00033254121291583893,0.003942396422980458,0.0010466450099430114,0.002023002143761362,0.0014135736864153334,0.004302984903480157,0.00046428717596417896,0.0003390067724061304,0.004435083831774377,0.003553030756542236,0.0009412608979863545,0.0007781808081516567,0.0014848340397179286,0.0012943638813805239,0.0023771585263244344,0.002427389668539223,0.004933253194473149,0.00015503555375431842,0.0018327406508762498,0.001996983024867461,0.002453153038240538,0.0038463311037276945,0.00042184282303216474,0.0025254536722269165,0.00028436393859766946,0.0016906619033434534
chrM_2314_A_C,0.04019470873028179,0.056606795212134256,0.050382688922002004,0.052205067807897784,0.052894487955767185,0.050012157437785004,0.05212248314983065,0.046722238010078,0.044628060471369364,0.043667147981321416,0.05432862668838617,0.04113572335221408,0.04916860804405891,0.05467740462414341,0.05204090653599738,0.05808294469309781,0.0491297875041951,0.053060289755115946,0.049191389295114823,0.047537455340118884,0.05653578676997864,0.04850055530344353,0.0539960503289197,0.042287205722944185,0.0550927235069953,0.04687332553685018,0.04239588332033292,0.053445715841366356,0.045527420524708755,0.05446365889567953,0.0015692868338349345,0.002152105855867801,0.0014087767723851739,0.0008623581908594007,0.003326488698822132,0.0010649135890717087,0.00031497158978892597,0.001693960767910506,0.0006706310489979652,0.0044748420790279905,0.0007481344030624651,0.0023379213666841073,0.0005985981883744741,0.002949134668236856,0.0006784928166866546,0.004033413557023914,0.0010017087689591056,0.0012092441377494617,0.002008463390907084,0.0016930453566521286,0.001249697624130445,0.004134124331727868,0.0005386399258265501,0.0021348972596105928,0.0042865068075258516,0.0028540749990237104,0.00024703668840086464,0.0026751434431407095,0.0016376378222338812,0.0008138538218838442,0.001728044567425773,0.0007277643745887735,0.001501912482952034,0.002966429030081594,0.0029726919838206395,0.001284297816837979,0.0007699182255950805,0.0022272889709185222,0.0017646196089225682,0.0018115942963110804,0.0018837216570519566,0.0005257013223425248,0.0027609193484922326,0.003389912329445262,0.00230809627744827,0.0034741168940226057,0.003389887035613301,0.0011875654189397989,0.0028971423995133657,0.0015243334746801514,0.001203156511393566,0.0006973959476749888,0.0010088726795541008,0.0007389162817197938,0.0019634550541109395,9.398012664359664e-05,0.0009086739585005649,0.00010284192206882652,0.0022480857841512838,0.006112085516672383
chrM_11199_A_C,0.05197900129194899,0.04952435319456559,0.053034351043503715,0.054912334344500636,0.05004596780466144,0.048578733082930425,0.04876139137681666,0.055430401347170866,0.05205932301319276,0.05040999763469479,0.06524555937962159,0.05529500287919759,0.05578910692839925,0.04660753616410473,0.051606759727676414,0.039252975654724805,0.05192942509393768,0.04532355109230392,0.05006134627541395,0.045254124486002446,0.048602765389554964,0.044463033280697645,0.035915278961777375,0.041263461660554286,0.05507601313187917,0.04714137584433113,0.05494344051694366,0.04700454570473652,0.05910680129922068,0.046166544435049126,0.0025835586577941804,0.0009274203579079503,0.00022153054308974757,0.0027703432573834424,0.0001949515457857143,0.0004759316059252189,0.002597875873042946,0.003055864120302349,0.002739177793829866,0.0019544937053870845,0.0019278004000999214,0.0006214772318730753,0.0012351237681110425,0.001768671822674064,0.0007753957538264326,0.0016760206359324157,0.0027058641752155223,0.0004255749650887101,0.002235140310487426,0.0010207624866158459,0.0007301291727916474,0.0009525266594642803,0.0008742677751212159,0.00822608142101409,0.002854865439439116,0.001845155302962347,0.00033469403592493866,0.0015395928749225467,0.0006545117968760291,0.0012090317037328161,0.001058066151140224,0.001347930086181325,0.005708633513456748,0.001706340354233213,0.0007127758541927752,0.002552370730766388,0.007499700057136117,0.002063219335014605,0.0022180496903284074,0.0024272404910940424,0.0013811294709537047,0.0014740167033958954,0.00017941277210674255,0.0008750908841795631,0.001528577784351867,0.0005741329955218249,0.003120093350340558,0.0004004038567137151,0.004393893751618505,0.0014683302322440713,0.0014191628293953428,0.0008255197555799484,0.0004134088258868359,0.00019027296813045323,0.00025888887195817177,0.0015377048461367349,0.0018536043737309865,0.0014655837123690194,0.0004382866789974461,0.0019232130918363356
chrM_1163_A_C,0.03189345894063049,0.05687469123823554,0.04423390627807127,0.038872337879531135,0.053025338539873124,0.05512409466698309,0.04715514813444406,0.05391764104034352,0.04388564422660502,0.051857989822090625,0.05401305753473545,0.05035355159380346,0.05510759967868817,0.04865590472170908,0.044523561052383205,0.054735135639645785,0.05552695396138944,0.047390991038274065,0.04873675518526403,0.04660685477787327,0.05706118956648358,0.0420599849249698,0.04925864038264453,0.0427443819789554,0.046317212049475684,0.05809661837685099,0.05593056216588857,0.059042578038003904,0.0462400169468566,0.0461910652561253,0.0011144310315207172,0.0009739062317148483,0.0018770167915249426,0.0010461798312573379,0.004870332604269967,0.00047519624520068733,0.0013182488866563388,0.001380737345067933,0.0019424169047559238,0.0034457507943095834,0.005664319922333245,0.002994775483293553,0.001260196660459432,0.0013593517194490728,0.000927369399631129,0.0007321796626511816,0.0018831468443892441,0.0038001938451362916,0.0038920071295033025,0.0034177004934970424,0.0015631110156108011,0.0015673109670671691,0.0033151491591982755,0.0006700954672066935,0.002039091942750974,0.0021256723405732084,0.0016055575818712828,0.00198813861142735,0.002864351890140748,0.0009764619938305668,0.003655826119877418,0.002351775665104792,0.002901995433960824,0.0005342935872668155,0.006927687555176686,0.0014650366888630305,0.0005934001363860152,0.004126977182613031,0.0009696967739460917,0.0008942018693559621,0.001036561314258155,0.002109812970266216,0.0013102759703537024,0.0036155288462992874,0.0004914018841101122,0.0010489466982262264,0.0028230989311861005,0.0025551812121428793,0.000792600235507737,0.0017756169152785732,0.0006519526880567703,0.0019269689272441541,0.00046524493334735965,0.0018538787417934845,0.0027038933301811456,0.0037960071469338354,0.0038650554212948866,0.000927050091449706,0.00450697313973461,0.0002885677186709593
chrM_4265_G_A,0.050999027848442714,0.043525484086365404,0.0446181109553113,0.04957730450995113,0.04501479025955131,0.04578479587927429,0.04536718723344221,0.042074378862599265,0.05088071992589085,0.05013957320860798,0.046038768285307195,0.05072812981196653,0.05745586108213004,0.05066086120467995,0.04374012799253301,0.055750397889024535,0.04428584933190748,0.04548469816118553,0.048776677606139074,0.04725766940971066,0.046611812019608984,0.05493997493725037,0.046855429930840575,0.057357502662862,0.04303947565750137,0.04772407970584432,0.04693922241824608,0.04655658249214557,0.052053800754792365,0.04855931929214802,0.0017532119669904937,0.0036774358529148305,0.00021677591285162545,0.0019101702714322052,0.0030935907730484874,0.0016595395880150063,0.0058739540479042195,0.0012889749946223118,0.002031392064500206,0.005240331983904791,0.0005491497621251225,0.002102445646784386,0.0007625884284036716,0.0022142426118679837,0.0015338576139042794,0.0013616649482781093,0.0012269098682677947,0.0014951546097172286,0.0019164852426519657,0.001729487668698777,0.004973708185857505,0.002289646150661795,0.0016711585572924694,0.0030042791764856524,0.0014476322548071644,0.0010309675503199984,0.004584206837421854,0.00046068568816562454,0.0007050083004700644,0.002572010532375665,0.003558997052676923,0.002672514315589761,0.0022373011279211187,0.0015265672977714435,0.001550395230457628,0.0007268676507661715,0.006602798457365688,0.0035002590398234695,0.0011805908585242734,0.0054456238230652515,0.0008480272768447368,0.003960379895837026,0.0004440596952985572,0.0014659601257162882,0.001218561452023952,0.0008884029541339494,0.0012104927249712326,0.0016852891987609927,0.000950012829922572,0.005573471825699441,0.0016440462359326924,0.0007515047997878397,0.0010752391756427985,0.0018972163633285905,0.0018211594335042851,0.0024309268993079163,0.0009022104517705244,0.00034147866623761763,0.0010852215338006573,0.0006983229525579481
chrM_15353_A_C,0.04783247935296412,0.04851934498262158,0.054591246093214106,0.04539974309676509,0.05091680519356682,0.043793540022811266,0.04996637500556709,0.058353040257515865,0.03996180037050806,0.04709388869204731,0.050968798580816925,0.04517028517813006,0.05871013270427022,0.04751584026313283,0.050592908649469005,0.04742987551637354,0.04623451160397704,0.049002367111511375,0.04709267910187932,0.049129997241775074,0.05373921047579389,0.058365104358750496,0.04807061564302673,0.055829716081779675,0.05064236042596549,0.048555894060404836,0.041386808492110606,0.04817084125260041,0.05233125323644585,0.050325503446343775,0.0030132022069202123,0.0025709314989895812,0.0009342221472985622,0.0004522377659066734,0.002813341916475893,0.0008622991071726073,0.0031686367446305892,0.0008239202477776413,0.00413497132339003,0.0025947386429927746,0.0038749844251178456,0.000990388532425247,0.0019848238489057557,0.0004615870198309153,0.0017785226880831727,0.0034740228945743953,0.0015163725139064872,0.000999753871442816,0.002152643157594802,0.005276509602157734,0.0009018680941623607,0.0002629029063084253,0.0009290351328109947,0.0004363193056520322,0.002374053776372246,0.005995636738040803,0.004779692845715357,0.0007523206197634962,0.0023975034610847386,0.000734915955348576,0.0031772248925541705,0.007289474708441891,0.002351511000414169,0.003327338252597037,0.00034187664403287734,0.004254813091085832,0.0019326445434837429,0.0012871360404924019,0.001913625454611322,0.008053453576846403,0.0031620020669169743,0.0012934009747518152,0.0013780124144309052,0.0013282498877568757,0.0003461133223398253,0.00543061303461036,0.0028977821940142923,0.004310276335820126,0.001319200866977336,0.0022583410459105532,0.003924619027578015,0.000805472650226842,0.00039498446850491187,0.001760961359991778,0.00321058303127804,0.0016937491368408102,0.0013533238353032706,0.0020275183414867953,0.004626795082243455,0.00025736255878692094
chrM_7622_T_A,0.001963299387878506,0.00014562188177487886,0.003129187912232073,0.0010321456679045222,0.0008972085863994624,0.000896062544588542,0.0017991328261103435,0.0014375938691544693,0.0026749085319426416,0.0014305084018339728,0.000634648592304386,0.0001586229083818113,0.001945172674921856,0.002068378885832174,0.0017818164809647455,0.0010537375462133754,0.0009210482437861262,0.0028714949013693724,0.0006021292496808422,0.0026440701454353613,0.0018480987540786143,0.0007574036176031927,0.000509793861543931,0.0019354680068470512,0.000974704337801743,0.004767883266061574,0.0007143437543328313,0.002773877051562383,0.003987479254594233,0.0018216788107145924,0.05265697305966289,0.043902370512593186,0.0536856607774925,0.05124274344484052,0.04555464480849892,0.05309016449208598,0.05602856619707044,0.05435489923242203,0.059025574139424705,0.054688536668621016,0.041261144400110264,0.04693381997063235,0.05326237231772811,0.04495224338426308,0.05228489536841674,0.039734082000224435,0.04949131275237474,0.049812908633341924,0.050477997429306976,0.05774451046576145,0.0479714495696083,0.051663721423168246,0.04606755238667955,0.04982332964370216,0.051256101978200255,0.04407348141452757,0.051995173383958794,0.04742992309244528,0.048459206644500166,0.05533185099592894,0.004298432800495501,0.004645804339489269,0.00023703887636508284,0.00022902730437284635,0.0013848288795442322,0.004497952682224694,0.002084841557995027,0.0021505436606918983,0.0015545463610546972,0.0005913694962607279,0.0016674113891772186,0.0006577480712665166,0.00699665532926907,0.002982168931910115,0.0007243953500581901,0.00016398522202463127,0.0011884332591163259,0.0008522171291940748,0.001105930055688584,0.0032002085336536043,0.0009485949550560487,0.0013585635977073148,0.004112747371446428,0.0016420196638188258,0.0005821332875944141,0.0013727824918426037,0.003091710963891098,0.004064966540137703,0.0033052060020228088,0.0016298901990423333
chrM_11487_A_C,0.0007244389388446619,0.001719773347631475,0.0022537344040176343,0.001018995508426962,0.0010609259022443473,0.001511755327860601,0.0005900074456013629,0.0003425627016759796,0.0009672786613166516,0.0036942094034404173,0.0020484612226088043,0.0024959149977121526,0.00047241434336416397,0.00022242995466848278,0.003375983408257303,0.0011460778900844156,0.002014915092066141,0.0005804026557547868,0.00030619044012505047,0.0013842430600371468,0.001568940448941023,0.0022906090064415516,0.0020020591109641845,0.0007199814100731304,0.00038904191437179385,0.0006294387474629377,0.002054596605372117,0.0015661594538291035,0.0009062614683978982,0.0032349515076950633,0.04679641426190649,0.049811541748134965,0.0535038829880154,0.04330531354803234,0.04506546541928501,0.05419491490435593,0.039613907763641126,0.05608251279224521,0.04397471719643789,0.040206929650773306,0.04169369890614704,0.05643097896888901,0.04647401882658775,0.040581903056543196,0.054072188427093965,0.048408444794626596,0.04865508165541026,0.04559976723893485,0.051939800140576475,0.04178716398417896,0.04775577097745722,0.052799184999866626,0.05367218899568432,0.05077573260335258,0.04450080071046057,0.050370667119311034,0.05579756328121784,0.05510272610220804,0.04778329069224506,0.05591868258651622,0.0015362100654370153,0.0017020979602496785,0.002683359934504601,0.003856828439701891,0.0007648283881917164,0.0009851716514665781,0.003985634592468864,0.0015622746064400778,0.0001786318781647692,0.0045232268776062,0.0007473036122134136,0.002029945334246327,0.004141277792721639,0.0011278976681477883,0.001631754938823687,0.0009927398960157539,0.0005161021045906976,0.002619381932458503,0.002997264882340114,0.004038009296137601,0.004630614052625865,0.0018713371879668433,0.001531736116626676,0.00195027257426829,0.00187258551968131,0.003158319649102968,0.0013753042788750003,0.004017968844874767,0.003267205174030064,0.002536589223886355
chrM_7448_A_C,0.001626435472800675,0.00425512837560908,0.0021789112825207836,0.0017220743272918508,0.002084841998688929,0.004094922172692835,0.0003843806059812234,0.0019219802460429885,0.0009798982418512724,0.00582741033090792,0.002449940022685757,0.0018532127097601926,0.0008384267274402428,0.0021114626409706972,0.0005143737901356321,0.002221907669022364,0.003714223507672643,0.0031146147431982546,0.0005781448978309353,0.0026919601988575604,0.0020444219818803863,0.0012296222379285222,0.0005718601571349894,0.0009072201912259946,0.004879961440479413,0.0023025086677954864,0.0015961898200745784,0.0023280081397089084,0.0008925011424214829,0.0031812408847022894,0.04439596999106165,0.05910049206768725,0.05153018627235339,0.03635264960335463,0.052962458927874226,0.05472420956265521,0.05365703887407383,0.05887170578214825,0.04022166639098487,0.04634332214404064,0.05246218032406914,0.05638957894913952,0.05520406610236005,0.041887737372487285,0.04979532989749953,0.04348202688939454,0.0468350893402605,0.04227141755127836,0.05455663624684189,0.04761095343099008,0.05082470887071042,0.05254796544255835,0.038114765211677566,0.0508161213467624,0.05365513788063003,0.04771344216916336,0.04972390648405934,0.04951171446960198,0.04920417912940865,0.044997800521287254,0.0011405920146954078,0.0008789679272725792,0.0006918310507396347,0.0006662152746737617,0.0011907892642328071,0.004178050613124203,0.002217630339494255,0.004128555448325161,0.0009913929962924249,0.002665314971558032,0.0008012340448632971,0.004950713624573396,0.0017833808439170896,0.0002843484789889426,0.005286637813479356,0.002145397181307664,0.004397085767696226,0.002465966034979411,0.0013668469866625712,0.002059131518293885,0.0038003446244641377,0.0013172092328151348,0.0032397856976588684,0.00135655914677168,0.0011582108018887937,0.0016814419198378648,0.0013755781879407265,0.0005423819259764654,0.0023251861589683454,0.0012611583285990777
chrM_13434_T_A,0.002122543849924438,0.0009431958829362328,0.0003389115235865363,0.001011817285481274,0.0006846225058397574,0.00287301727841489,0.0026889022813634156,0.004307208904403877,0.004554225799030869,0.0002573388306297217,0.004219266703875395,0.005085674262589817,0.0024980766871764487,0.001032004529097315,0.006220117429010836,0.0014137725294231201,0.0020571417433643486,0.0014545168257361016,0.002337542750601087,0.0011388863247429111,0.0020116319058202134,0.0029006697672706223,0.0036021726440630245,0.0009965819623385097,0.003850485288228494,0.0019344708008914428,0.004365529977512294,0.0017443017233215435,0.000676036902638261,0.0017818535571226925,0.05189440878014009,0.04637516966931024,0.043410406825255196,0.0481611723419488,0.040130340065837204,0.053738250279878406,0.054540510717371926,0.05005716981592464,0.0512606844263448,0.05225079003136621,0.04673145441541321,0.03971570008419726,0.05688627365908679,0.06186540911774023,0.04199816002990467,0.05109659309882722,0.04534087385301202,0.0497834057761995,0.053455279782765805,0.052722322531936275,0.04737454312540608,0.05080261364712602,0.045228440282056845,0.05575091044040739,0.05380664942791272,0.04917918671852159,0.055576132373754215,0.04606420665949688,0.05824960668307254,0.04898947459300843,0.003232430356928406,0.0014803268194077293,0.0030276056555008242,0.0007781698256568586,0.0020081484204743836,0.0014635274842915791,0.0007810892400115103,0.0013299898823106086,0.0047756024019747125,0.00088188417232342,0.0014864595383372939,0.0003417065859189691,0.002207082062360294,0.002183039762644438,0.00247143158930483,0.001336750011576173,0.002495246905810458,0.0005289355422905082,0.001588540616560098,0.002208350459409659,0.0038560498025120367,0.0027102334180023426,0.001743091236913872,0.004431526443167404,0.001655435313182363,0.003897872509384198,0.0034069796986894918,0.000914046112693728,0.0012776192505006532,0.0021989031504238412
chrM_11971_C_A,0.0005826905367953175,0.0009234181856155367,0.0010786961488753412,0.0009974055228893974,0.010817337829267446,0.0005056066187399546,0.001900075182353969,0.002661994079346251,0.0006580092603459107,0.00039629606077619053,0.000588856042710864,0.0010652290396446788,0.0025052522605298624,0.0013973178019483232,0.001163304875227016,0.003546410502750328,0.0028665558019628596,0.0035557857207379777,0.0019762776598808616,0.000994581313251487,0.0015532493804574956,0.00351919813256744,0.0017053184018647025,0.0025388919775193274,0.0020095461445480698,0.004182885147745877,0.0028356854015603086,0.00054617129490203,0.0002334625568182944,0.004062014641916058,0.05050629462737042,0.05825404539703883,0.05951740096287333,0.04368351419571776,0.05376096922031949,0.057033212212845616,0.05266716684357022,0.05176320291160484,0.05382272998072428,0.03601064975562356,0.0559474378697021,0.04484655029968232,0.04499223179843581,0.05332799827211663,0.04878122349685528,0.051133173677266414,0.040877385751611976,0.04765875287468902,0.05114204326411478,0.05437155636506539,0.037801222774479684,0.04693546240724718,0.05412592880966414,0.05347872798755147,0.05576077271978507,0.049855280668233797,0.04625393206144339,0.04399141167438524,0.0462612963324864,0.05699403610577058,0.00023122082408604354,0.0008434777467601984,0.001130960466049825,0.0021777882501599843,0.00024303949127739525,0.0028843916018892173,0.0012826405880018107,0.0011187921723508458,0.0012997188656377614,0.004713540157296918,0.0007658200656604425,0.0004611233198365087,0.0009376161779517483,0.0012926343090958288,0.0009055421536005607,0.0008062575928440978,0.002470896223453592,0.0007449082177856631,0.0029219635141552475,0.0009105988118855858,0.0032125926201627525,0.0014473480541715448,0.0021432658774723644,0.0012157864438883724,0.002442775773047114,0.0018790995384440716,0.0003973960596090164,0.0014069720758670928,0.0007526505837203584,0.004031930203874121
chrM_12720_T_A,0.0006243364142199674,8.330739536430082e-05,0.001938189871424693,0.001058068209898851,0.001812521029051152,0.0027263019595018824,0.003164276329327746,0.0029917394799776832,0.005253811418576475,0.0009131973194192875,0.0018660305397892143,0.004210172768060754,0.0042886654467038,0.0014440475600940464,0.0013152211252775378,0.002952089914383402,0.0011667083828071489,0.0032960670881287267,0.002530487465224971,0.0031925928441342006,0.0013620114305708166,0.002998494019440358,0.0020700851653321604,0.0008358734572027474,0.001100661815567194,0.0003335225515094906,0.0007876262729623511,0.0008995352328552457,0.0008146639486564605,0.002175122417820809,0.06506736122315501,0.04882002191174204,0.04350663562695034,0.042051985793634145,0.0547114939907052,0.052329150862291014,0.05334470000383624,0.05459843562762896,0.05187176384394543,0.049398150183443436,0.04783165902404064,0.05263457563565042,0.044401622838446286,0.04812193929150201,0.05091719796962015,0.05392506564792847,0.057365663621283085,0.04302400706108409,0.04595295262119924,0.04485506671168665,0.039521498287645146,0.051050258548210777,0.045688179083795015,0.049902158033531104,0.05840855841041518,0.057976488184711954,0.05524901805760979,0.05951181372687767,0.05119197354035519,0.06222422661584383,0.0008848942646745055,0.002124313415050475,0.002693118867682607,0.0028621248763187226,0.0011238301933479866,0.0002931138332188739,0.00019905273334984793,0.0014312843174312776,0.00010630278651317844,0.0012859847104595206,0.0020325635797888483,0.0011047594063811547,0.0014188213754545741,0.0016916238671042254,0.005148291371682461,0.0015383271605953848,0.0011297619427132575,0.0011472354544887929,0.0014258921054847576,0.003912243571646036,0.002440618362486861,0.0011300423337727067,0.0005087262546268017,0.0029741543035325634,0.0014925118458981846,0.0007776339050816516,0.0018810296440304965,0.0006357562020008957,0.0015509590937749452,0.0007006134515491207
chrM_1226_C_A,0.004075577182041192,0.0006493573690823238,0.0009093332386673736,0.0006877495355099766,0.0011945605267018598,0.002670677441166002,0.00058583894725216,0.0011031851539486685,0.004896163134177959,0.0022097042635708507,0.0019347009653432983,0.0012771906574147978,0.0030080981365730895,0.002954218693334851,0.0006493157537855437,0.003286780677801219,0.001622050504089858,0.0034424299973140862,0.0009838310821382284,0.0029581311111237817,0.005080071215109783,0.0011828412923788941,0.00028227769703640477,0.0034398118532887566,0.00686406410557073,0.0024432730502890417,0.0032310308869286783,0.000530179075494032,0.0029478452669749974,0.007106031791915549,0.047301841468321386,0.045213494507095685,0.05505074729546616,0.04959570641571658,0.04473470252897826,0.04919198234787373,0.051713228167158974,0.04633206793526592,0.0494248005699121,0.04238913933283132,0.044012830508771736,0.0431032588685704,0.04865890589816705,0.05140780926521206,0.049323516538236474,0.05162569769863743,0.05093340375123027,0.046562886257404235,0.05367357698867978,0.0408845258640206,0.05467112659963577,0.050455509037845105,0.05048329453916618,0.053909749777663295,0.05392772761491929,0.04672769993852162,0.04543275234395499,0.04796822843764201,0.04898366012375137,0.046036717497207634,0.0012170038202316015,0.0006942379727159672,0.0013594643913216516,0.0015898249532013933,0.002726536584426481,0.0022022225589394704,0.0011972712957063296,0.002478684980140441,0.0008895215536244716,0.0006600328205426214,0.0014817028347748596,0.0011716125617074206,0.0017190292403518035,0.00034917673331974025,0.0025208085267446893,0.0013201280545002319,0.0013263309225166036,0.0005864934147375728,0.004162607579423229,0.006212717514719961,0.0005529209525080949,0.002174962144402477,0.000676491830911505,0.0015128448963861384,0.0027177088741595907,0.0006980640533936477,0.002582642569147597,0.0006952507965803348,0.0006475028442687845,0.004589206710667334
chrM_12307_A_C,0.0011686499906523784,0.0025847581638698885,0.0006403489791105617,0.003907446430336874,0.0036492126169103524,0.0037959657125436544,0.004746192815926329,0.0028687265288929666,0.005271979032022898,0.0017624375069990724,0.0008216844185867821,0.0026956418695736313,0.002693221073249089,0.004613790620385008,0.0036823953046318456,0.003160995387028754,0.0011056605212441414,0.0028654678475650017,0.0010446096593269075,0.00044206301826189766,0.00474655530343308,0.0020096801504717967,0.0024305027501031746,0.0020534098466831255,0.0011909372878789251,0.0003951725200725639,0.0027670080027976584,0.003804852644204945,0.004322277436374755,0.0018865359593385215,0.05190092647568697,0.04832408448062772,0.043369421390292213,0.05536508946107334,0.057948517219310616,0.04805726698923332,0.05070492977424664,0.046066066687922534,0.050740878922460604,0.05219278888009373,0.04898477560417482,0.04724163191117572,0.0488985387812363,0.05196805037063669,0.049682536003121704,0.050153360497235275,0.04916056948339471,0.055926988013512924,0.05337976309825757,0.05452913821069732,0.05498138381654409,0.05977384243501182,0.057972828180644226,0.051581128719834876,0.0492649212910736,0.05046499742406715,0.05475380837168585,0.055018467266281665,0.04910617262665647,0.047239366597720114,0.0028804967032742064,0.0006027168429002339,0.0015258416287455326,0.003068054693217774,0.0009708439712872779,0.0003819532494927038,0.005574930676264127,0.0009934655034376082,0.003949903125705846,0.006525225472356228,0.0013893369369128675,0.00034960944814239577,0.0005470612799079642,0.001440212219247681,0.0010296817614537839,0.0008324403560331996,0.004598334924497318,0.0004845585768780271,0.000833047430802256,0.0019960106094882636,0.0004640195392476497,0.0007459398315847852,0.0034061307389206042,0.003847512541778186,0.0013716740159181212,0.002736486027479324,0.0014578061235283174,0.001590118816160059,0.0009048531235747127,0.0014024414503757752
chrM_5301_C_A,0.00030684669048544204,0.006612261423050927,0.001449574176717007,0.0005586996047604899,0.0013822733932432386,0.0018128751541187367,0.0032474414044019236,0.0007808008487438069,0.0013038010264456764,0.00036340355102044655,0.0004889715023378299,0.0032524661687697454,0.002111068509808314,0.00237632945474057,0.0012085441075939604,0.002205410960861504,0.0015060403503418445,0.003089035923237486,0.0020107980764469025,0.0009135173356637397,0.0010938323003810181,0.0009155165250351475,0.0006282789762333526,0.0018558888102487405,0.0023782510203939878,0.00043567196672888227,0.0033502498193142827,0.0016108707854362325,0.004468801783453914,0.0004024560019367256,0.04703021764841041,0.05873131983408044,0.05668067413011397,0.05369662570799989,0.0547919386706908,0.051457970274134006,0.04488390937363391,0.04697916217447267,0.0463266459316389,0.05248663864811971,0.05292408301214862,0.05379102075576064,0.05161679896703944,0.053100657924017976,0.04645375021844006,0.043960884300588136,0.04255295959950113,0.05831461266657835,0.05356770852273069,0.04276967198958201,0.05014202797465249,0.04772635411164655,0.0554114215561109,0.04261278374463433,0.05193474589124316,0.04471444553727142,0.06524137039551342,0.04931064870049272,0.04155063798078066,0.0495149325406177,0.0005085491109565457,0.004478936320202645,0.0013244441352972276,0.0026541755170545697,0.0031332979669945415,0.0020909575548458347,0.0004953858502832801,0.004375845745087873,0.0011669123930008846,0.00042848490432658196,0.0012796200428651927,0.0034475651083656876,0.007483629016077821,0.002914642699842065,0.0015758495743472952,0.0013468626395378097,0.001066968235457929,0.0009320044416722093,0.0013172688111391753,0.005152372599901524,0.0007245219509663029,0.0006803028734336114,0.002052326987604421,0.0003893230978367462,0.0047061555651504265,0.0026559137497453858,0.005178249457337493,0.0020452879752070755,0.0008279123054772009,0.0014829057416230191
chrM_6607_T_A,0.002657395629782635,0.00045220783255021593,0.0005956819180780573,0.00026211639811560646,0.0016121582088329933,0.002415503122286421,0.00257436201342737,0.002028846576472379,0.0012242456140378404,0.003760631082828789,0.0017440834663623322,0.0045591700719236645,0.0010153900344097063,0.003461371287640294,0.00045510462313933973,0.0023427541267343776,0.004398226716455264,0.004095014826208635,0.001246702778179129,0.0028956139078579624,0.001724831217616371,0.0019293348139526728,0.005020121447394433,0.00124775133433222,0.0022033897673926564,0.00023028499233125645,0.0016683756669434676,0.0012247700144561024,0.0014036957584956857,0.003745043173279461,0.052946813963173335,0.0525158848541519,0.0543434042017633,0.05399073325389442,0.048852888997435985,0.04759147519458091,0.05645977034969715,0.04683007508596278,0.04691251558514459,0.05139040166948566,0.05152321310846885,0.0568102424187596,0.049622668923098356,0.05131931287179167,0.04334039813985249,0.0523492729328504,0.05113685106393047,0.05694378443966597,0.04530675335245573,0.04333466470083174,0.047856944557849085,0.03860121774239281,0.06034717819154964,0.0442887178941196,0.046870575584833894,0.053243992339012024,0.051198530285858614,0.04532435200722865,0.04311700201311796,0.04791701504501041,0.0016144795241174897,0.0017524949076563269,0.0009712816419532721,0.005473131860020176,0.0012819942645165543,0.0029165275100039257,0.0010125875174715612,0.003980568987524868,0.004658552685355838,0.0017277500546356431,0.002585540831791151,0.0011085790279376363,0.0013807684551440213,0.0003828914135436393,0.002253651139324365,0.00032550966609141453,0.0032371981964958996,0.0008013917310867813,0.002226493848933717,0.0014880163914512876,0.0006030713265530695,0.0009328961629692281,0.0005837258915840118,0.001328189587198413,0.0004703733692276002,0.00203096739361033,0.0011142329685289998,0.0004950608904695108,0.0036844041118651817,0.004626230972581834
chrM_6193_A_C,0.000484751565410663,0.004669608925546249,0.0053485676506809495,0.0010360061155278166,0.0016702067371894094,0.00028758948234391187,0.0014690601221194674,0.0004115915588830755,0.0028482642752611412,0.0005482116700871773,0.0005611678980440245,0.001408375767849495,0.0042143324467240825,0.0009009742894377192,0.00040672274667487475,0.004459772398916903,0.0035679072649013877,0.0014119659743799696,0.0007458108074631364,0.0010310442188416634,0.0007330728361726582,0.001376403295438924,0.0013729696398008672,0.0008188776097526036,0.0012235432802985484,0.003071216827450879,0.0010821458194511964,0.0011733512651867092,0.0012102620025294735,0.0013072005649028722,0.0025118335166423463,0.0006631423100906465,0.001313256737122318,0.002265966291846545,0.0011579022352189157,0.000238161060469943,0.00081673417694208,0.0019574710167429405,0.0007799951139654476,0.0016478437474484445,0.000683987067864055,0.001495254725284111,0.00430995477072058,0.0034478412040297676,0.0022058402026081466,0.0010474168131473418,0.0011724406755179665,0.001544714764203434,0.0011427117695948414,0.00248502975516933,0.005476218432583883,0.0007739646613845817,0.0008567744112781905,0.0031473647220495145,0.0007181709798364455,0.0005311448920767023,0.002829609772068908,0.0020059935862054173,0.002066908352863238,0.0007928199722277784,0.048026425032372935,0.061856171880646016,0.06125989155717832,0.04938795360436172,0.04707500014383793,0.04930784483841703,0.04435330012218848,0.044566089987389916,0.05112680069274802,0.050247337237854094,0.051778961555373565,0.05336209502193344,0.05243459532671046,0.0554732643606265,0.04585461778439662,0.047249506060403346,0.04790439862491542,0.056466655473631194,0.041649053356688025,0.053059059525453485,0.03951692079505881,0.050340040152839494,0.04950078963733919,0.04479002494532525,0.05426238975110099,0.05233907691058674,0.04699004925458876,0.04512257173965598,0.048244146824064006,0.04758196055123499
chrM_7283_T_A,0.0017102146251672275,0.0021832957005766115,0.007359381259994726,0.005130657435136784,0.002312629087744806,0.005083600716343683,0.001635986997078097,0.002430372095111628,0.001145072935237033,0.0011566745503264794,0.000787203153044837,0.003756697218124952,0.001252766682528114,0.001086239583500213,0.0010987678669633007,0.004300909725262093,0.0007343124532336574,0.0026347426547989094,0.0003237235765472686,0.001769523646524934,0.00011046150010451125,0.0005982464350446962,0.000803284201924346,0.0013177156134973735,0.004686882222235981,0.001338929419867873,0.0018327246285853554,0.001637856170612969,0.003034085248339168,0.002531541465791994,0.0009623090028196771,0.0014867151881417754,0.004606711099250311,0.0006255788148816651,0.0006621032015593246,0.001724865903573711,0.0013084145147067374,0.004312400989866935,0.0008513476041767549,0.00042893200715340095,0.0006730417377060432,0.0006115886013502243,0.0006407162830174498,0.005293278773364219,0.0007769890230001963,0.0035031058770198906,0.0011581600487606367,0.0017147065037095165,0.0010451451837108728,0.0003335251850819818,0.0034977740117769066,0.00010799366007091036,0.0016479912772703362,0.0023755016223155627,0.00017634139174882486,0.002120974949015075,0.00823449527997938,0.0009431642788325124,0.002350050147094629,0.0023750068811779755,0.050337555948200635,0.0370269742087881,0.05836822653366375,0.05767747151942313,0.05334523051106068,0.05647999528177175,0.051312268725766406,0.064880255855834,0.0524258085453824,0.0484926489594568,0.0587496355358197,0.0494524566715487,0.05085088307847482,0.05355163673248866,0.05053400314282225,0.053035056285490934,0.04807465150434182,0.04762375690058697,0.04718387988334673,0.05453634349338244,0.06361649013312731,0.043260064824824945,0.051256901796478065,0.05332998446617117,0.04668609617524927,0.048563067304704305,0.047330961960344316,0.04640185146983033,0.04872715692241138,0.05175273633983176
chrM_11966_C_A,0.0042166935179417265,0.0008269651438040013,0.005157448387989581,0.0002540292999445071,0.0003566960285721714,0.002705152962598541,0.0024447165387495176,0.0017453632035595882,0.0033662067173702444,0.0002584661476553152,0.00019303739255243786,0.0029974991432824114,0.0029093849156475323,0.0011117323357378692,0.0012956127596000099,0.004461254598020857,0.0029212340199464095,0.0003314130112973109,0.0020163186021677636,0.0006062194503230637,0.001945650113847986,0.0008006823316454719,0.0016888586573986864,0.005720430225653831,0.0017033049865439408,0.0023063283660230685,0.003035625079041574,0.0003686459158314514,0.0008484945358833995,0.0002033429444635001,0.0017975730953784927,0.003920076082225047,0.0025180724484242904,0.004621780524664802,0.0015037484821244548,0.001931022101133426,0.00036064782836588605,0.0013991171514456165,0.0006711517151237242,0.0010421147103602721,0.0021115935282118798,0.002097142903073228,0.0011761683056304099,0.002311539624062367,0.0035736008778045588,0.0018040290023197806,0.0011744587115669787,0.0025057419348699706,0.002180271302165476,0.0010613920204385011,0.0028746238031856627,0.0027655666624090496,0.0021951648314013023,0.0046143214166817215,0.0007834138307741534,0.0018560435659667474,0.003715169756554149,0.0013826430510634731,0.0019170944352378688,0.0031645019876571034,0.04195437312148244,0.04917157682761883,0.05003520220776675,0.041196869645689,0.051994606233543156,0.036502559369951275,0.05344379111220334,0.046069799230667355,0.0508430219997849,0.04720916042136782,0.043629783378017636,0.05282466813722712,0.04598066212496243,0.0490415828888469,0.05391650170937364,0.0559710054094823,0.04977989784122809,0.047699451160640685,0.0479832401200077,0.05042013745797429,0.05132020066958103,0.059278845091324535,0.041693967302830176,0.04788686986412214,0.04798809150117248,0.04921074942629309,0.04594864425167361,0.04769914882156065,0.04701143115049711,0.04588364080068676
chrM_10324_A_C,0.0007403695371737054,0.0020542796785128145,0.0011789953062859423,0.0008773209306778482,0.0017310751163905163,0.0010594559787120567,0.003533638416307693,0.0014282678739828245,0.0009515228078602669,0.0012595428075056487,0.0015372047047136034,0.00029197713877868317,0.0040605968636389005,0.002585122098221374,0.0003215907094065617,0.0027489511608158245,0.0016848887381393635,0.0041851315636054565,0.0037307702149501007,0.0034810607817146173,0.0007899281497317237,0.0012408076209464401,0.0008010567495234994,0.0029159948285474393,0.0005946503002900795,0.003973737711154468,0.0036668078515432268,0.0012153359986286137,0.0020863421752751188,0.0009480284141227523,0.0011635813687520555,0.00023718054398618534,0.006031570207385928,0.0036933290093350123,0.0024016432431656193,0.000820471544478033,0.0028229699419602275,0.0026150784546447154,0.0020957319582340936,0.0009903278706728715,0.0009149823510499138,0.0005047454401823265,0.0018108103955486639,0.002134604739989902,0.003375600528395986,0.0008222167981618213,0.0009363117064603482,0.0013969402735540025,0.0016349927660715203,0.0027144094818206317,0.006129943712802378,0.0019693507977256285,0.0018988845884500881,0.0016332746137873448,0.0013404239600403242,0.000885635893653738,0.002199503829115127,0.0005369082447739692,0.003209155127494092,0.0009456816987386085,0.044294656320317476,0.05248537916618624,0.04753016109569625,0.051844697514642456,0.04617317588854317,0.051488406418247784,0.04805639492429918,0.051935913186903736,0.05125036283623959,0.04806325633010176,0.05173108303355763,0.051000983202134,0.05395021915120271,0.05143771043458252,0.05589989075151669,0.05481400834164376,0.06327396598030906,0.045672963226507345,0.05106837308942858,0.053338069895197404,0.05326301289950906,0.055774273416452025,0.05089509405382155,0.04350477175015838,0.052224832483302036,0.04882565135515882,0.04885541342402481,0.04512335945223091,0.039881911667724375,0.040577476599518415
chrM_3976_C_A,0.0014342925001930096,0.00033037542813135567,0.0036910338318624594,0.0030438062828055785,0.002174659202122948,0.000304227649614969,0.001427461637319786,0.0012215763537556264,0.0038137545065994494,0.0004132922830221974,0.0023598432987570754,0.0018742045189502007,0.0015151381264152444,0.0001411500362935704,0.0017750457829943823,0.00024029523745558315,0.002951474159325288,0.001843516108213751,0.002054638884147621,0.0006750579791810158,0.0018159224286176238,0.001338413808948386,0.0018420529988597044,0.0009707208395820548,0.0005661200029919278,0.000850183396753299,0.002786092354035446,0.0008310179090840208,0.004250095805169165,0.00033239149021745313,0.0022704382443145717,0.0029536198235462483,0.0030480749616775197,0.0015616629219301172,0.0008581503721965942,0.002758935752514393,0.002910926820918369,0.00029081402207416105,0.0031480021430212515,0.0015770400843373798,0.002302143190226308,0.0007621921867713988,0.0034916272910515064,0.0005803735641596057,0.001084868773997126,0.002406690875183268,0.0009974790871167085,0.002128082959417258,0.005089621955074014,0.0005474753881146193,0.0036674559302913995,0.0014145275741496478,0.002256756809928934,0.001468295597594081,0.001957947386594241,0.0010127020945542987,0.002049241356503362,0.0013068306545674503,0.002878025725163553,0.0024808954431895145,0.05267953229316152,0.04915278335967197,0.050899771810853325,0.0499983278835529,0.05436971839624374,0.05391658533028646,0.050802678965109004,0.04662525439962029,0.061714373997643804,0.05171502436566036,0.05175702554616875,0.05589617313119536,0.04634587900054032,0.04819880233651837,0.05316993272772231,0.05428057038025724,0.05778394501794304,0.0537555297283487,0.05820978780832279,0.051370163516995894,0.04405879634293338,0.04476811562995127,0.048290540594087016,0.058057420753199314,0.05365812298510682,0.04398803231084307,0.042268538716270246,0.04839791645280079,0.04612693224119301,0.04430246947491264
chrM_3365_C_A,0.0020193208633744486,0.003333234091868788,0.00019404883048089875,0.0008969481162729367,0.0018116163450544178,0.0015104146745215194,0.00041797481586971813,0.001201835266516008,0.001189215854568639,0.001236761267752199,0.0009628274364635248,0.004655175424958869,0.0037310627981671446,0.0009309150172016106,0.0030108925935984562,0.001243671160675054,0.0007819477565943209,0.0013475781809829692,0.0004683618172829069,0.0004936491707662595,0.005607926658851026,0.006521091343940873,0.0012232340902795426,0.0006696139778222003,0.0020941507718645314,0.0004688731703961682,0.00040055530423216293,0.0013012617598758928,0.00046498568329930387,0.001973427253846757,0.002259248329165524,0.0006439462011372954,0.00929109836619437,0.0011752518257451946,0.0006097982233164484,0.0022974684875074224,0.00014684005532897369,0.0028663989224441515,0.001570024221261928,0.0007365247470504597,0.0008358989904706759,0.0011774059059691088,0.0007790432691418504,0.0007468590306519916,0.0014410598556283529,0.0006439355443970716,0.0016977704867087158,0.0014594283501360792,0.0016773278118932633,0.0020425548153919972,0.004606252574150592,0.0059495004640561745,0.00033503386731640017,0.0006534808475308492,0.0016495799645987763,0.0024503909712788857,0.003315978393451545,0.0020600965514814026,0.002061878475479434,0.0015455524906808624,0.058773824973560644,0.04693494755876504,0.04536473331035012,0.045400039728884845,0.0579695892601525,0.05572003680405292,0.053268317253101126,0.050112584399973945,0.05339737732430863,0.050807933808229816,0.053756875320191945,0.04951789831652347,0.05419045879819015,0.048702765254790566,0.044381172222411655,0.045761676902480716,0.04807959638963143,0.049020830208174646,0.05538398339094657,0.04845528343887118,0.04007283176138272,0.04476491643079985,0.05103946033810389,0.04897557223102225,0.05433858629497174,0.0491260487859746,0.049719658707710015,0.053640972369181396,0.05239875564732328,0.055531648136986946
chrM_807_C_A,0.0024077516867396015,0.0021119064743667162,0.00040987434003062596,0.0005852537730820418,0.0022382872654750727,0.0009193399939125784,0.0011900484438142982,0.0013541562754533737,0.003482077171364244,0.0011542065745378284,0.0006355121540188222,0.001479191055925117,0.002996325076098746,0.001593689810397359,0.0015172071086823583,0.0007404141543427609,0.0005471935177854084,0.0008816101438387117,0.0014369361752515186,0.0015305183893045433,0.003321608483035817,0.0018295130474659908,0.0009943580069821595,0.001067218121455223,0.0017032616829894996,0.0005828584775179173,0.0006339404356684069,0.0024340261819105406,0.0007373878300657808,0.0011063430212021705,0.0008569211638377683,0.00047028146938093583,0.0008282024522014185,0.002025841136742335,0.0009494060766886854,0.003012646750728371,0.0005451393357908908,0.0044046854961370075,0.004597394793310398,0.0007041637765477138,0.0008528292079279825,0.002644899379545832,0.00027612863555098976,0.002221073475711172,0.001462250049974513,0.0012376195090478149,0.003825381044927536,0.003012731389135859,0.002316079645696194,0.0034499306739635724,0.0015200688002810988,0.00463702613604582,0.0010678969133081483,0.0019662103579113238,0.002871049793495464,0.004031494309051955,0.003007250842570098,0.0021993637410790364,0.0024266664404102027,0.0029462088769765566,0.04971164985881934,0.04519119127413741,0.044459135390828915,0.04189310584915403,0.05579846058166903,0.04790539864175759,0.05117083517755509,0.05103753110740311,0.05228422736989408,0.049531110500381205,0.05119198536332371,0.048960083565920555,0.04969335855319176,0.04859710349886481,0.04554456330304262,0.0479051666393175,0.05398451554768262,0.047821362305637403,0.042126554806728986,0.059129105241445025,0.0519298186035747,0.04870781204762094,0.05788208195825532,0.04103744774189035,0.04283187644094138,0.057507842978475214,0.05017829957866272,0.04865760627836841,0.05714167006300101,0.05530037438958143
chrM_11171_C_A,0.004933460267977659,0.0013208497976347844,0.0017364129554351864,0.0012893800108706173,0.0012323347298190115,0.0019083791059787815,0.000812137606281644,0.0005324543359532752,0.001330869754114226,0.003139323733355165,0.002277410090681641,0.0026400683159761955,0.0022607641269670182,0.004936444242265994,0.0013832242176218766,0.0016053027617998817,0.002404836469073202,0.0031205207327346792,0.0012725080355085537,0.0028210310553338103,0.0008436586548432575,0.0008600950803152474,0.0017986007080830282,0.0005416272571866991,0.0034579005531260474,0.0007941395710665717,0.0009521127086122131,0.0005169563481453555,0.003695410825765019,0.002033530219200397,0.000498798713633888,0.0018256293225680225,0.0007286076011826798,0.00320552201072087,0.0022717102467187493,0.0009702938476797249,0.00045995636676393403,0.0022742780592234627,0.0011615940443895632,0.0010117440141538892,0.0025053697977541014,0.001901041482762777,0.0002993860320032546,0.0010991487298285794,0.004435584474536596,0.0012795454435760504,0.0009055268193867177,0.001281712048533513,0.00273004398990561,0.0007702812595574636,0.0002708812902458295,0.002687107624662903,0.0013751391717775035,0.0016491033430707915,0.005137693812989245,0.007605159230777726,0.0010626954093495677,0.0016446918454423119,0.0008233951916645724,0.0019113871046032619,0.05622788405269055,0.05457853776650558,0.044251653406505914,0.04152334617703152,0.04668694214866335,0.0423010223908781,0.051987714524886715,0.04907771663827679,0.05213533633043433,0.051350350929517986,0.04450922933679775,0.05053062248313097,0.049264316806559884,0.051358192786695796,0.04535823651952184,0.054252506261645024,0.05287441654251786,0.0549212426724119,0.05659927085416996,0.04794609568167126,0.04242499767980454,0.0600741095988557,0.04156094114347029,0.048079660434774615,0.0448368540017584,0.041304429445698045,0.05109802992234261,0.0455537362645703,0.05319514359095553,0.05249462675977426
chrM_3036_T_A,0.0016206235327341017,0.0006962038407455082,0.0009204790792748503,0.0020283133831849464,0.0011744087187889874,0.0017347897256599085,0.002082353326059137,0.0028443048166105047,0.0034799569965089333,0.0010662008399352821,0.007661151866787591,0.0009424772715834603,0.0008001327194254427,0.001893057665140958,0.0020352669823929014,0.0017950150638057875,0.0007706382253296294,0.0010007352340793776,0.001958674416288902,0.0026272435718102593,0.0005694944216532509,0.008359211112647712,0.000875333407500009,0.0022404920560030804,0.0023178374093563423,0.0048125555182467325,0.0030090578367743493,0.0008044740780490555,0.0025294877246191004,0.0009502682798070084,0.001079049143903456,0.0011150959728529785,0.0014170841928584609,0.004217835623906036,0.0017956177404176738,0.0038678132753204586,0.0016404983880507233,0.0007542461490345139,0.00044386474797595215,0.0004378256480423254,0.0027843686112069637,0.0010195052946533206,0.0019344754326445933,0.0020231173996480916,0.00028782048186675455,0.0011782713014934832,0.000798822171688731,0.0028807992680201337,0.00028504460028710445,0.0009124122386158428,0.00047559997235403686,0.0017976072866710872,0.0032976370458889658,0.0011669672474890346,0.0011947883990773716,0.003505065456957301,0.0009466720831513116,0.0027232413151908703,0.0018947420598386072,0.0019039089810135887,0.04977683200877877,0.05672925354270952,0.04520517217324167,0.057439985266595606,0.050250837518343264,0.05269765595630126,0.041331857178052434,0.05212409393192847,0.04845083316145396,0.05519562842408691,0.05194717062856123,0.05213255704609187,0.04520602825433813,0.05100436898838222,0.04433216245686682,0.046182903508447094,0.04885270141996058,0.0435856945575598,0.05069982399136853,0.04510106587905507,0.054293999976135945,0.05842801045634698,0.059780228042029496,0.054867978077632704,0.04638116126155415,0.045114324788427876,0.0496420893148081,0.05352452596032474,0.040627666819486256,0.0595303696298648
chrM_10741_C_A,0.000966577136652494,0.0035966714415207033,0.004114973139164127,0.0023906894109993024,0.002190748473450996,0.001428813447709009,0.001115047529081639,0.00243289915562728,0.0028847960236808045,0.002032399789443782,0.0005270661199579697,0.0012108036674979023,0.0009198157262153373,0.008458803026145264,0.0018947000089791176,0.0021989823232947217,0.0022706995495600877,0.0027685696989365348,0.002424595701861134,0.0036434084618796273,0.001990417524084766,0.00243770023110455,0.0003126963337838706,0.0012469090228286795,0.0010442258515094085,0.002930117503778741,0.0014857633909142864,0.0020957041215898422,0.0020838047012828004,0.001066808749324893,0.002434396388942041,0.0009679577092413416,0.002301172959051762,0.0035012699673587543,0.002916110177631402,0.0014924749037602512,0.005136523975401681,0.0017612066853932749,0.008738485428808574,0.0021611350200176327,0.0006839325772526556,0.0011429574074717796,0.0009560491024262729,0.00451448978801122,0.003920756264671356,0.0025558466571337013,0.0018742051447174818,0.0007037460777222892,0.0015607843285929065,0.0009608504613728509,0.002114398960706389,0.003188530046422563,0.0012750290918994893,0.0010146608481123357,0.002132162671789905,0.0014407143907711742,0.0027710456688436087,0.000915680650599667,0.00039584679982480105,0.0008867046425492915,0.04712691927570512,0.053063332915848874,0.05143194054897454,0.047216590350651524,0.0475049448085538,0.04098374300576878,0.04947495567421298,0.057756917169503354,0.05301830244389752,0.043630567167474155,0.04837709135944177,0.03887864231557934,0.03858142879304737,0.050550104841267936,0.049846250045061616,0.04960250852927035,0.043059133242380414,0.048818261556447154,0.05327885977517692,0.052728627733460556,0.04856598072473269,0.049782619534434275,0.04352881424562201,0.04851977428859206,0.04828629600673102,0.048098645603387565,0.05369223451858121,0.051579084094359365,0.04998076660835894,0.0532994901967238
