"","UMAP_1","UMAP_2"
"AAACCTGCACCTTGTC",0.565882275030295,2.17542311352789
"AAACGGGTCCAGAGGA",5.64837391130654,-3.76436653929651
"AAAGATGCAGTTTACG",-7.72921579129966,3.90332111519873
"AAAGCAACAGGAATGC",4.93174535982339,-1.49662378626764
"AAAGCAATCGGAATCT",-3.59533994443687,2.90208396119177
"AAAGTAGCAGCCTATA",1.85586447469918,3.32796129387915
"AAAGTAGTCGCATGAT",-7.25435178525718,2.12462755841314
"AAAGTAGTCTATCCCG",3.09313828699319,-0.884095104512577
"AAATGCCAGTACGTTC",5.82487971536843,-1.17058554488123
"AAATGCCCATTGGTAC",4.70477421037881,-2.41406455832422
"AAATGCCGTTGGTTTG",6.39897544138161,-3.76732769804895
"AACACGTTCTTAGAGC",3.62596292249886,-2.1495544036001
"AACCATGAGATGTCGG",4.30153901331155,-4.16400948363245
"AACCATGGTGTGGTTT",4.36891681902138,-1.93138185339869
"AACCATGTCACCACCT",4.21148617021767,-0.494355471906071
"AACCATGTCACCAGGC",-3.04976480253013,2.6442848126322
"AACCATGTCGTTTATC",6.27347500078408,-0.5998615344137
"AACCGCGCACCTATCC",4.07721490614144,-4.55064383345545
"AACCGCGGTGTCAATC",-6.44914167173179,2.85687121552526
"AACCGCGTCAAAGACA",4.84292204134194,-4.16142359572351
"AACGTTGTCGACCAGC",-5.21230142362388,2.02699884575903
"AACTCAGCAAGAAAGG",5.22746283762185,-1.69221762019098
"AACTCAGTCAGGATCT",4.74574167482583,-3.72145620184839
"AACTCAGTCCCAAGAT",-7.72962205655845,3.8208304325968
"AACTCCCCAAGCCCAC",6.68590910188882,-3.3203000147909
"AACTCCCCAGCAGTTT",4.13539929144112,-3.75084391432703
"AACTCCCGTAGGAGTC",5.23117930643288,-2.06355515318811
"AACTCCCGTGCACCAC",4.47720916025368,-2.19610682326258
"AACTCTTTCTTGTCAT",-8.66457574613364,2.89176949662268
"AAGACCTCAGCTGCTG",4.89736993066994,-3.27374497252405
"AAGGAGCAGACAAGCC",-8.31369607694419,2.32080134553015
"AAGGAGCTCGAACTGT",5.79729087106911,-1.24856022196711
"AAGGCAGGTCACCTAA",6.11473805658547,-2.28947797614038
"AAGGTTCGTTTAAGCC",1.52453107588021,3.32236441773474
"AAGGTTCTCGAGCCCA",3.67555231802193,0.654766825857754
"AAGTCTGCATCCGTGG",-3.12269227750572,2.42861565751135
"AATCCAGGTGCAACGA",-7.50301950223716,3.96823081177771
"AATCGGTTCGCATGGC",3.38766486398904,-3.43314925032557
"AATCGGTTCTCTAGGA",4.41624481432168,-3.17412200766504
"ACACCAAAGCACGCCT",-6.34872834928306,3.14863285225927
"ACACCCTAGAGCTTCT",4.10386283151833,0.474360315027828
"ACACCGGCATGGTCTA",3.41402495853631,-2.99794331389368
"ACAGCTATCCAAGCCG",4.3003336881849,-4.17819157439173
"ACATCAGCAGTGACAG",3.75871188394753,-0.779436500844364
"ACCAGTAAGTTCGATC",4.94505245439736,0.11955061358511
"ACCAGTACAGTTAACC",-7.21264665372642,2.3938592354685
"ACCAGTATCGTAGGAG",-8.49390332944663,3.23132809800207
"ACCCACTCATTGTGCA",5.91846425287453,-4.16169443922937
"ACCGTAAAGTATCTCG",-3.37475364454063,3.15848740738928
"ACCGTAACATGGAATA",1.95622230522362,3.47708877724707
"ACCTTTACATCCGTGG",-7.50803678281577,1.89436158341467
"ACGAGCCAGGCAAAGA",-3.89805143125327,2.24995073479712
"ACGAGCCTCCCTCAGT",2.06491781227318,3.45554479760229
"ACGAGGACATGGTCTA",3.57999093286721,-4.16775790053308
"ACGATACGTCTAGTCA",-6.09547250516685,0.357956794920559
"ACGATACGTTGTTTGG",3.41668690197198,-1.15620008307398
"ACGATACTCCGTAGTA",-6.02486531980308,1.81331154507696
"ACGATGTTCTGTCAAG",-4.65660445935996,1.20251092118322
"ACGCAGCAGGCAATTA",3.04302446000306,-0.584421547231083
"ACGCAGCCAACACCCG",3.7210416292402,-4.43438568907679
"ACGCAGCGTTCAACCA",5.67123992197243,-1.98085943060816
"ACGCCAGTCACAGTAC",-4.1806313300875,3.29143628281652
"ACGGAGACATCCGTGG",6.18215281717507,-3.10651198225916
"ACGGCCACAAAGGAAG",-7.34494798429282,3.17550453347265
"ACGGCCACACTTAACG",5.66507012598244,-1.01206961470545
"ACGGCCAGTCAATACC",-7.96465413816245,2.21934470337927
"ACGGCCAGTTTGCATG",2.18826437942712,3.35976847809851
"ACGGCCATCAGATAAG",3.88120145551888,-0.30198863345087
"ACGGCCATCCCTAACC",2.18445003978936,1.87164601487219
"ACGGGCTGTATAGGTA",-7.70149343259605,3.36205014390051
"ACGGGTCCACCAGATT",4.00997800581185,0.713842866840954
"ACGGGTCCATACGCCG",6.02946240656106,-4.76420727568567
"ACGGGTCGTGTGAAAT",-6.31933706052573,2.41760524910986
"ACGTCAAAGACCTAGG",-7.94807737119468,0.546740887585278
"ACGTCAAGTGCAACGA",4.58042866937844,-2.72729864912928
"ACTATCTCAGTTTACG",-4.99543731458457,2.88841160935461
"ACTATCTGTAAGTGGC",5.02087743036477,-2.94156304198206
"ACTGAACAGATGCCTT",2.88090340249268,-1.10192671614588
"ACTGAACGTTCGTGAT",4.76750404588906,-4.61422577696741
"ACTGAACTCTTTAGTC",-7.48348348386558,2.29494723481237
"ACTGAGTAGCGGCTTC",6.679757902548,-2.15545240240992
"ACTGATGGTGAGTGAC",-8.44077985532554,1.46769603890478
"ACTGCTCAGGGCACTA",5.1573117469999,-4.682363899526
"ACTGTCCGTAGAAAGG",-6.10818975217613,0.271035177531834
"ACTGTCCGTCATGCAT",6.18263084642617,-4.20706120329798
"ACTGTCCTCAAACGGG",-8.36146943815025,2.31333669823706
"ACTTACTCACGAAGCA",-3.09316747434409,2.43200668496191
"ACTTGTTTCAGTACGT",1.36998922579018,3.20706686181128
"ACTTTCACACAACTGT",3.57937986604897,-0.064460219916706
"ACTTTCAGTGCTGTAT",3.37002337925164,-3.43689456778467
"ACTTTCATCCAGTAGT",6.56582791559426,-2.53977933722437
"AGAATAGAGAAGGCCT",4.79354078523843,-3.44431725340784
"AGAATAGAGAAGGGTA",-5.06603210218223,2.58820256394445
"AGACGTTAGCACGCCT",-6.00200956113609,2.73715266388952
"AGACGTTAGCGTTGCC",-5.30365913160117,2.74586471718847
"AGAGCGACATTTGCCC",-7.64761655576499,2.52162942093908
"AGAGTGGTCACTCTTA",-4.58540694959434,2.94695934456884
"AGATCTGAGATGTGTA",-4.74634139783653,1.7746114413172
"AGATCTGCACAGCCCA",4.56077761404244,-1.99128785925806
"AGATCTGGTCCGAAGA",-5.56640165097984,0.861476329985256
"AGATCTGGTCTAGCCG",6.41219360582558,-1.54350438910425
"AGATTGCCACCACCAG",6.73461563341347,-1.30877199965418
"AGATTGCTCTTGAGAC",6.05312068216531,-3.92984762984217
"AGCAGCCTCTCCGGTT",5.6846132969114,-2.19782391386927
"AGCATACTCGTCACGG",3.03952477328507,-3.17603054839075
"AGCCTAAAGCTGCAAG",-7.97034852750572,1.9429816882044
"AGCCTAAGTCGCTTTC",-5.38149802930625,2.18995103043615
"AGCGGTCAGCTCCTCT",-6.27826326139243,2.63799008530676
"AGCGGTCTCATCTGTT",1.66477859966485,3.52268942994177
"AGCGGTCTCGATGAGG",3.57126081936089,-3.08131161528528
"AGCGTATAGGACAGCT",-8.51517980344566,0.850911823931332
"AGCGTCGAGGGATGGG",3.43943871013848,0.51453619998991
"AGCGTCGAGTGATCGG",-8.01258485563072,3.5685647408396
"AGCGTCGTCGAGCCCA",3.66903979532448,-3.29816118079126
"AGCTCCTCACATCCGG",-6.51462571866782,0.698981789770718
"AGCTCTCCAGCCACCA",-0.247984101846536,2.59992560547888
"AGCTTGAGTTACGGAG",-8.67037980802329,2.97664126557409
"AGGCCACCAGTAAGCG",4.2857034897062,-1.80968228178919
"AGGCCGTTCCGTACAA",4.27016265146462,-1.32378450232447
"AGGGAGTTCACGAAGG",1.4559185003492,3.47169360322058
"AGGGATGAGAAGATTC",3.88776476137368,0.538442699137325
"AGGGATGCAATCCGAT",-2.70243089444907,2.86191043061316
"AGGGATGTCGCTTAGA",6.5089221691343,-1.25866905051172
"AGGTCATAGACACTAA",5.3053613399717,-4.86603108244837
"AGGTCATAGCAGACTG",-6.39859502561363,0.311762412908669
"AGGTCATAGCGTGAGT",3.40561921350686,-1.34873274165094
"AGGTCATGTATAAACG",3.52115465156762,1.56897970837652
"AGGTCATGTGCTAGCC",-7.65733258970054,3.27355703515112
"AGGTCATTCTCTAAGG",-5.45957868345054,2.09220656556189
"AGGTCCGTCTGTCTCG",-4.89289777524741,3.50387462777197
"AGTGGGAGTGGTCCGT",4.26678199522225,-4.24907103377283
"AGTGTCAAGACTAGGC",4.46330530397622,-0.611805589970951
"AGTGTCATCTGCTGTC",2.22821930997101,2.35466560525
"AGTTGGTCAAGGTTTC",5.00648791544167,0.297048522058125
"AGTTGGTGTCTGATTG",3.40612096540658,-3.13727870779932
"AGTTGGTTCCCTAATT",-7.38609712369712,3.18122681778967
"AGTTGGTTCGCCATAA",6.30055482141701,-3.40511933165491
"ATAACGCCACGTCAGC",5.27785570375649,-2.08299246626795
"ATAACGCCAGTGAGTG",-6.09937970884116,1.06650361222326
"ATAACGCTCCACTCCA",-6.49691598661216,3.18645486039221
"ATAAGAGAGATATGGT",4.78966386072366,-2.72786203223169
"ATAAGAGCATGTAGTC",2.45208834312884,1.74387988251745
"ATAAGAGTCCCTAATT",-7.67881124265464,1.34460755986273
"ATAAGAGTCTTGAGAC",3.6755903457853,0.0430088470607949
"ATAGACCAGCAGGTCA",3.40065641157357,-2.53782454329432
"ATCATCTAGCTTATCG",5.25281316988198,0.358739552918072
"ATCATCTGTTCCCGAG",-8.03860299833091,0.64454656642973
"ATCATCTTCGAGAACG",5.41176779024331,-2.09683481055201
"ATCATGGCACCACCAG",3.56240988723962,-0.952051432904606
"ATCATGGCACGACGAA",-6.12482087857993,2.85893949669897
"ATCCACCAGCGTAATA",2.84204117409913,-1.29249218302668
"ATCCACCTCGAGAGCA",0.0484617447110813,2.46708044213354
"ATCGAGTAGGAACTGC",1.93732036106316,1.959211317721
"ATCGAGTAGTGTCCCG",-6.89724939115318,2.87893351716101
"ATCGAGTCAAGAGGCT",-8.21277635343345,1.72462197941839
"ATCTACTAGCACCGTC",4.47338969461648,-3.38407150107325
"ATCTGCCGTGGCGAAT",-7.94343202359947,3.75611886185705
"ATGAGGGAGTGTTTGC",5.54506165735451,-2.31192532378138
"ATGAGGGTCACTTATC",-7.09569471128257,2.46949371499121
"ATGAGGGTCTTAACCT",4.45623774282662,-0.245620640096073
"ATGCGATGTAGAGGAA",-6.21358316190513,1.5067046563059
"ATGGGAGGTAAGTGTA",6.42772109262673,-1.73450997668207
"ATGTGTGAGCGTTGCC",-5.82536523587974,1.4869132916361
"ATTATCCCAGCCAGAA",-2.79757278211387,2.64041933220922
"ATTATCCGTCTGCAAT",3.06190744988648,-0.313255461034183
"ATTCTACAGTGTCTCA",4.29253096334664,-2.32492342787683
"ATTCTACGTTTACTCT",4.84784776918618,-0.506865056332951
"ATTGGACGTCGGCTCA",3.29035706274239,-3.36407485800684
"ATTGGACGTTACGCGC",-8.61058252103599,2.28374346894323
"ATTGGTGCATGGGACA",3.0890789722654,-1.05664006071985
"ATTGGTGTCAGTCCCT",4.19141406767098,-2.73612013655603
"ATTTCTGAGGACCACA",2.55749798208503,1.93178280991613
"ATTTCTGCAAAGCAAT",-7.0608655715731,2.14901301068365
"ATTTCTGGTCCATCCT",-7.50538270719322,0.832661656561489
"CAACCAACAAACTGTC",-2.98233239896568,2.60053285759985
"CAACCAACAATTCCTT",-6.8660241866854,0.808489529314632
"CAACCTCCATCACGTA",-3.61306731946739,2.81837424439489
"CAACCTCGTTGCTCCT",-7.99630468137534,3.06382760209143
"CAACCTCTCCTAGGGC",-5.54914396055015,0.451075134697552
"CAACTAGAGGTACTCT",-4.36340396650108,3.25545677346289
"CAAGAAAAGACAAAGG",6.24089438669411,-3.98250189619959
"CAAGAAACAAACTGTC",6.13403732530801,-1.11696234541834
"CAAGAAATCATAGCAC",-5.96923272855552,1.49139103097021
"CAAGATCAGGATCGCA",5.23494131319253,-1.58724203902185
"CAAGATCCATGTCCTC",-6.76059453733238,1.20347049635946
"CAAGATCGTCGGCATC",4.5093397592756,-2.94116464453638
"CAAGATCTCGATCCCT",-7.77521054990562,1.03753807944357
"CAAGATCTCTAACTGG",-6.46409433133872,3.10606869858801
"CAAGGCCTCGGTTAAC",5.59517009012429,-0.453837962922459
"CACAAACCAAAGCAAT",-4.38646905668052,2.83473261994421
"CACACAACAAGTTCTG",3.34698713772027,1.7124547640711
"CACACAACATTTGCTT",5.79651028864114,-0.950203092870121
"CACACAATCGTGGACC",5.88429028742043,-4.68301001387537
"CACACCTCAAGAAGAG",3.82588822595803,0.509333489361401
"CACACCTTCTTACCGC",-5.72928922422202,0.255552902716394
"CACACTCAGTCCTCCT",0.0863929485532444,2.47306379479467
"CACAGGCAGTACACCT",6.70010788194863,-1.53534057932795
"CACAGTACAAACCCAT",-4.97787683255943,1.3819853941828
"CACAGTAGTAGAGTGC",3.28616548530785,-3.83321944075525
"CACAGTATCGGTTCGG",3.19608909837929,-2.58528700667322
"CACCACTAGACTGTAA",-8.70995824582847,2.74353131455481
"CACCACTTCACAACGT",6.52835280649392,-1.65739837485254
"CACCACTTCCTCATTA",4.97772938959328,-0.524823399361973
"CACCAGGGTCGCATCG",4.92207510225503,-2.2670396884054
"CACCTTGCATTACCTT",4.12149328939645,1.54749545258581
"CACCTTGGTACAGCAG",5.85954863779275,-1.4394097645849
"CACCTTGGTCTTCTCG",3.7906649803373,-0.688510092076664
"CACTCCACATGATCCA",-8.85727994687827,2.81048354310095
"CAGAATCAGGATGCGT",-5.43377797849448,1.67067774933874
"CAGAATCTCCATGAAC",4.02322513811318,1.40311011475622
"CAGCAGCTCCCGACTT",-7.39335363157066,1.27166029614508
"CAGCCGAGTCTAGTCA",-6.83483999021323,3.15232762497961
"CAGCGACAGCATCATC",-8.06391923673423,0.565850255909557
"CAGCGACCACTCGACG",3.80206019632546,-2.90070620375574
"CAGCTAAAGATGGGTC",-8.52153032071861,2.76074299019873
"CAGCTAAAGTACATGA",3.48454196207253,-1.49733820753992
"CAGCTAACAGGTGGAT",-7.50180928952964,1.97654732865393
"CAGCTAACATGCAATC",-7.25830953367027,3.83942827385962
"CAGCTAAGTAGTAGTA",1.15441841833321,3.23957523507177
"CAGCTAATCCACGACG",4.04117865316598,-1.20126179057062
"CAGCTGGAGAGGGATA",-5.65354364164146,2.27190455597937
"CAGGTGCAGCGCCTCA",3.67858941309182,-2.27419653731287
"CAGGTGCAGTGACTCT",3.65347237341134,-0.928173692998295
"CATATGGAGACCACGA",-4.167241265848,2.72030624550879
"CATATGGAGCCTTGAT",5.0120685791227,-3.01151195364893
"CATATGGAGGTGATAT",4.86122829668252,-3.17257729369104
"CATATGGCAAAGTCAA",4.69034654848305,-2.14265862303675
"CATATGGCACGAAACG",-7.78725068815025,2.64380773705542
"CATATTCGTACCGAGA",3.82604462854592,-2.69196310835779
"CATCAAGAGTCTCCTC",2.94030685178963,1.54402372044622
"CATCAAGCAATCGGTT",0.141971657201926,2.38007458848059
"CATCCACCAAGCGCTC",-7.8128015304354,2.46484431428015
"CATCCACCAGCCTATA",6.52820975534646,-3.96655455428064
"CATCCACCAGGCTCAC",4.19469530336587,-3.10468092757166
"CATCGGGAGCGTCAAG",-8.09905927427085,1.89498349827826
"CATCGGGAGTACTTGC",6.54714781992165,-4.15518656569422
"CATCGGGCAATGCCAT",-7.0944291854647,2.53143510026037
"CATCGGGTCACGGTTA",4.0324018692228,-0.670540781793003
"CATCGGGTCATACGGT",-8.15175359494956,1.87135061425268
"CATCGGGTCGGTGTTA",-8.75242440946372,1.60896619957983
"CATCGGGTCTCCTATA",-3.14165656812461,2.79599007767736
"CATGACAGTTGTACAC",4.62755830042092,-2.23135653334558
"CATGGCGTCTTTCCTC",-7.8058082366732,2.13250919980108
"CATTCGCTCCAGGGCT",-7.99967878110679,0.900070397081966
"CCAATCCAGGTGATAT",1.96260739319054,3.66615184945166
"CCAATCCCATAACCTG",2.93343842975823,0.176152588698263
"CCAATCCGTATATCCG",0.438031265661399,2.76329073113501
"CCAATCCGTCTGCCAG",-5.85372464902671,0.879943398657436
"CCAATCCGTGTAATGA",5.16316277734963,-3.73106876212061
"CCACCTAAGGGTTCCC",-5.5805541778353,0.862831560793514
"CCACCTACAGTCGTGC",0.249717066213767,2.49804767769873
"CCACGGAAGGAGTAGA",-7.5862504745272,2.63375577134192
"CCACGGACACTTAACG",-6.00378244169029,0.894999889555569
"CCACTACCAGGATTGG",3.7368022894117,-3.59248891669214
"CCACTACTCTATCCCG",0.479880878851096,2.34829792183935
"CCAGCGATCTGCTGCT",-3.9506770873812,3.38789209527075
"CCATGTCCACCACGTG",3.76973218672005,1.47960421246588
"CCATTCGAGCTCTCGG",-5.57216375119956,0.456469310346241
"CCATTCGAGGTGCTTT",-7.83730046994956,3.44022020501196
"CCATTCGCATAGGATA",2.93466834180085,-1.64655354815424
"CCATTCGGTTAAAGAC",-7.42332666166099,1.75419661206305
"CCCAATCAGTGTGGCA",6.6997602676603,-3.56773129301966
"CCCAATCTCCGTACAA",-8.6253072524813,1.49909242791235
"CCCAGTTAGCTCCCAG",-5.80171792753013,0.519342956963177
"CCCAGTTCACCACGTG",4.09366256944863,0.792510775747891
"CCCATACAGTCGTACT",-5.73688142545493,0.481957701864834
"CCCATACCATTTGCCC",-5.56093805082114,2.15925642651617
"CCCATACGTCTGGTCG",4.38875300638406,-1.91351166563929
"CCCTCCTCACTCTGTC",6.48967010729043,-3.43469515639246
"CCGGGATGTACTCGCG",-3.25841348417075,2.53467234772741
"CCGGTAGGTACCAGTT",5.47478706590859,-1.31084945994318
"CCGGTAGGTCATCGGC",0.219515154287497,2.35431393784582
"CCGGTAGTCAATCTCT",-6.36742036588462,1.30167302292883
"CCGGTAGTCCGATATG",-7.05805413968833,3.04453214806616
"CCGTGGATCTGCCCTA",2.80823389641968,-2.62040630179346
"CCGTTCATCCCGGATG",-7.82448690183433,1.67525133294165
"CCTAAAGAGGTCATCT",-0.091142823770364,2.46528324288427
"CCTAAAGCAATGCCAT",3.42191124908654,-3.19336691695154
"CCTAAAGCAATTCCTT",4.95470435373513,-2.11703983145655
"CCTAAAGCATGGAATA",6.54342801325051,-3.19847884970606
"CCTAAAGTCCGAACGC",2.77717664293973,0.875790445032711
"CCTACACCAGATAATG",4.01489777319161,-0.599571557816868
"CCTAGCTAGCCACGCT",-0.0464176440981228,2.41107496422827
"CCTAGCTGTCACTGGC",3.69359559766976,0.0776637623935891
"CCTATTAAGTGGAGAA",1.78619743339745,3.37423977059423
"CCTTACGCACGAAACG",-5.83542936094077,2.00465282601416
"CCTTACGCACGGCTAC",0.428847143575827,2.5796867291361
"CCTTACGCATAGAAAC",-6.70216005094322,0.964881447973843
"CCTTACGCATTCTCAT",-6.1196281219271,1.06123599213659
"CCTTCCCAGTTACCCA",0.280932257101218,2.57749041718542
"CCTTCCCGTTGCGCAC",-8.73374860532554,1.47221573990881
"CCTTCCCGTTTGTTTC",-7.66624372251304,0.700188366594906
"CCTTCGACAACACGCC",-7.76652639158042,0.702837375822659
"CCTTCGACACCGGAAA",6.20344168894021,-4.38247338133753
"CCTTTCTCATCGGGTC",4.54182572118966,-1.14516928988398
"CCTTTCTGTAACGTTC",3.17408324234215,0.554050085964794
"CGAATGTGTCTTCTCG",4.36083919756142,-1.82608214217127
"CGAATGTGTGACGCCT",-4.86424463041099,3.34545859498083
"CGACCTTCACCCTATC",3.05000127308098,-2.10553327399195
"CGACTTCTCTACCAGA",4.39230580084054,0.248016191545124
"CGAGAAGAGAACTCGG",6.44716627351968,-4.18885937529505
"CGAGAAGAGCGCTCCA",4.20985240690438,-2.22544208365381
"CGAGCACTCAACTCTT",6.4040158485624,-0.901832373914127
"CGAGCCATCCCAAGTA",5.96001178972451,-4.39151516753138
"CGAGCCATCTTGCATT",-8.70677297361167,2.54473408860266
"CGATCGGCACGGTGTC",-5.44234197385581,1.23121604126989
"CGATCGGCATCTACGA",-5.76422803647788,2.47351535958349
"CGATGGCCACCAGTTA",5.96476824037759,-3.12513271170557
"CGATGTAAGAACTGTA",1.59366245023934,3.37185248536169
"CGATGTAGTAAATGTG",-7.90852945096763,1.40431865853369
"CGATGTATCAGTGTTG",3.56907070629327,-4.07710305052698
"CGCCAAGAGAGTCGGT",-6.24077337034019,3.29088291329443
"CGCCAAGCAATCAGAA",4.03149552099435,-3.4166397173971
"CGCGTTTAGGTGATAT",-8.03199975736411,3.25140079659521
"CGCGTTTCACCGATAT",-4.73136489637168,1.24143537682592
"CGCGTTTTCATCGGAT",4.49544150583474,-1.53581145602167
"CGCTATCAGCTCTCGG",4.57010323755471,-2.41035714941919
"CGCTATCCAGCTTCGG",3.50554336063592,-3.97458496886194
"CGCTGGAGTAAATGAC",5.43018300287453,-4.86112728911341
"CGCTTCAGTGACGCCT",6.23329145662514,-1.65497437315882
"CGGACGTTCCACGCAG",-6.87313764341148,3.3518727700144
"CGGACTGGTTTAGCTG",5.99459273569314,-3.78052798109949
"CGGACTGTCAGTTTGG",4.00353939287392,-2.42001334029139
"CGGAGCTCAATCTGCA",4.59911353342263,0.659695504131908
"CGGAGTCCATGGTCTA",6.09540135614602,-2.82088270979822
"CGGAGTCTCAGTTGAC",3.34137583725182,-0.550767989930515
"CGGCTAGGTCCGAATT",-4.80663173444541,1.34445783299505
"CGGGTCAGTACCGGCT",6.33403236620156,-0.898564608868961
"CGGTTAAGTTACCGAT",-8.6813842559603,1.77731367749273
"CGGTTAATCTAGAGTC",-8.3449928069857,1.82487770718634
"CGTAGCGAGATGCCAG",2.96879793159692,1.12841948670446
"CGTAGCGAGCGTGAAC",-7.52882974393638,3.67212065857946
"CGTAGCGAGGATTCGG",4.9744332527372,-0.344242068108921
"CGTAGCGCAAGCCGTC",0.0641341900083225,2.30735716027319
"CGTAGGCCATGTCCTC",2.76318236641614,-1.62982788878382
"CGTCACTGTTAAGGGC",3.65421635858742,-4.260564239797
"CGTCACTTCTCCAACC",2.8455424403402,0.959200350466366
"CGTCAGGAGCCGGTAA",-6.19003694303306,0.69882666868269
"CGTCAGGAGGGTGTTG",2.93990735165803,-2.02860942679346
"CGTCAGGTCAGAGCTT",1.97481633178918,3.39804896515905
"CGTCCATTCGTTGACA",0.213652679845969,2.2697719017893
"CGTGAGCAGACTTGAA",3.84551949255196,0.670082686367626
"CGTGAGCGTCCGAACC",3.9321786855909,1.45344969433844
"CGTGTAACAAGCTGAG",-7.01349466092857,3.3348468224436
"CGTGTAACAGCGTAAG",1.98548192732064,3.51534828347265
"CGTGTAAGTTAAGATG",1.62441034071175,3.25756439370214
"CGTGTAATCGCCCTTA",-4.49878804929527,1.11350747746527
"CGTGTCTCATCGGGTC",-7.21360891111167,2.11151823205053
"CGTTAGAAGACACTAA",5.90367824785439,-4.90812340575159
"CGTTAGAAGCTGTTCA",-5.74368589170249,0.836945263567562
"CGTTAGACACCGAAAG",-7.8324023986605,3.81134494942724
"CGTTAGATCAAACAAG",4.43974644891946,-4.75513926344812
"CGTTAGATCAGCGACC",4.06940467111794,-2.25991836386621
"CGTTAGATCGTCCAGG",-7.31089799649986,2.64499386948645
"CGTTCTGCACGAAGCA",4.21691305391518,-1.20314458208979
"CGTTCTGGTAAGAGAG",3.75837511770455,1.46797594231665
"CGTTGGGAGACCCACC",1.9723415469381,3.11557110947668
"CGTTGGGCAGTGGAGT",5.98495943300454,-3.41557398634851
"CGTTGGGCATGAAGTA",-8.47640531308921,2.01436945599615
"CTAACTTCATCATCCC",2.78358488731114,-3.03273835974634
"CTAACTTTCTCCAACC",2.81330730967251,-0.175053062018757
"CTAAGACAGAAACGAG",4.38816983453957,-2.38530555563868
"CTAAGACTCCCTAACC",6.13222248308388,-2.94658032256067
"CTAATGGGTATTAGCC",-2.8785564208773,2.64379390877783
"CTAATGGGTTCCTCCA",-8.47805993802818,2.77873572510778
"CTAATGGTCATTGCCC",1.93571926109521,3.74243101281225
"CTACACCTCCTATGTT",5.7591491436216,-4.91888132887781
"CTACATTAGTAGATGT",-6.73176496274741,0.625196484747524
"CTAGAGTTCTGCCAGG",0.502753326818625,2.33310302895605
"CTAGCCTAGCAATCTC",-7.61973016507896,1.0666743199259
"CTAGCCTCAAGCCCAC",4.38055701009957,-1.69682267504633
"CTAGCCTCACCTCGGA",-6.68702333219322,3.37518223923742
"CTAGTGAAGAGGACGG",5.34481866113869,-1.71396842795313
"CTAGTGATCCTCCTAG",6.27621872179238,-3.42204132872522
"CTCACACGTGTGGTTT",3.59481341592995,-1.70461753207148
"CTCACACTCAAGATCC",1.0755326246473,3.11608227891027
"CTCACACTCACATGCA",4.48070211164681,-0.14211046892107
"CTCACACTCCTAGTGA",3.94805378668038,0.116453980925675
"CTCAGAAAGGGCTTGA",2.08076475016801,1.78328689736425
"CTCAGAAGTGTGACGA",3.10437960378853,-1.07764235335291
"CTCATTACAGGCGATA",1.94160575620858,3.10421189469397
"CTCATTAGTCTACCTC",5.28059298746316,-2.11892715292871
"CTCATTAGTCTAGCCG",-7.97833364255698,0.783781735125179
"CTCATTATCAGCTTAG",1.85122478954522,3.78835877579748
"CTCCTAGAGTAGGCCA",-8.29105870969566,1.54364117783606
"CTCGAAAAGTTAGCGG",-5.57845323331626,0.339296376231308
"CTCGGAGGTCCGAATT",6.09841639749734,-0.487884195622806
"CTCGGGATCTGAGGGA",-4.33956258542808,3.32343444031775
"CTCGTACAGAGCAATT",4.19318706743447,-3.60091176825464
"CTCGTCAGTCTAAAGA",-5.69223230130943,0.404734728756542
"CTCTAATAGTGAATTG",4.82679874651162,-0.865473898229008
"CTCTAATGTTTAGCTG",-7.13542573697837,2.78987535637915
"CTCTACGCACTTGGAT",6.00215942613808,-2.97203770476282
"CTCTGGTCATTAACCG",3.06382964007584,1.92910286587774
"CTCTGGTGTTAAGATG",1.88724035970895,3.0455766598612
"CTGAAACAGGCATTGG",3.9425193762037,-3.81251564818323
"CTGAAACGTCCAGTGC",4.71884138338296,-1.68683925467432
"CTGAAACTCATGTCCC",6.47835046999184,-3.06222930746973
"CTGAAACTCCTGCCAT",3.75073284857003,1.40182360810339
"CTGAAGTTCCCATTTA",-6.77161233670982,0.863395122709866
"CTGATAGGTCCGTCAG",4.37547845594613,-0.654227944192295
"CTGATCCAGCCGATTT",2.57714935645722,1.69201502007544
"CTGCGGAAGAGTCGGT",0.718226382658164,2.22545060319006
"CTGCGGATCGGCTACG",-4.21094720609458,3.13422784012854
"CTGCTGTGTAATCGTC",6.42661196939675,-4.19225636321009
"CTGCTGTGTAGCACGA",-6.71358602292808,2.95139941376745
"CTGGTCTTCGCTGATA",-4.89763038404258,2.32512673539221
"CTGTGCTGTGTGACCC",2.34103744678227,3.13231548470556
"CTTAACTAGAGGTTAT",-5.51251809842857,2.71985944909155
"CTTAACTAGGGTGTTG",4.40671128980843,-1.68017915087641
"CTTAACTTCAACGAAA",5.61749703638283,-0.405285628613834
"CTTACCGTCCATTCTA",3.32006848804681,1.28048345250189
"CTTCTCTCAATGAAAC",4.49480182878701,1.20971819562017
"CTTCTCTCAATGGAAT",4.4747105335447,-4.58653727370203
"CTTCTCTGTACGCACC",0.25172502748696,2.66662630242407
"CTTCTCTGTGTATGGG",-8.53842752225669,1.16638973158896
"CTTGGCTAGCGCCTCA",-3.70881622083457,2.58661374253332
"CTTGGCTCAGTAGAGC",3.08378995411126,0.538515834036465
"CTTGGCTGTTGAGTTC",-6.48446481473716,0.869899062338467
"GAAACTCCACCCAGTG",3.65281064264504,-3.30556288557947
"GAAACTCGTCTGCCAG",3.40562714092461,0.398865355077381
"GAAACTCTCATGCAAC",-7.87053220517905,0.615192143145199
"GAAATGAAGTACGCCC",-6.68761079557212,2.5868421475321
"GAACATCCAATGGTCT",2.87653786890237,-2.95265761214197
"GAACATCGTAATAGCA",5.11317617647378,-4.76237049895227
"GAACATCGTACCGTTA",3.1795530413839,-1.55630472498835
"GAACCTAGTCGCATCG",-8.54559629209312,2.86172899407446
"GAACCTATCAGAGACG",-3.62568156965049,2.46058711213171
"GAACCTATCGTTTATC",6.35635549776284,-3.94227925139368
"GAACGGAAGCCTATGT",1.99376363508431,3.59378394288122
"GAATAAGAGATCCGAG",3.4407025670263,-1.14776173430384
"GACACGCTCTCGCATC",-6.14855115659507,0.135101323845978
"GACAGAGAGCAGGCTA",-8.42893998868736,1.18540093106329
"GACAGAGGTGTCTGAT",3.86406261675088,-0.727623077210789
"GACAGAGTCAACACGT",-8.32276170499595,3.01279434365332
"GACCTGGAGGAGTACC",5.04430563204018,-3.89923802214563
"GACCTGGCACCTCGTT",-8.6076013351229,1.0726243535906
"GACGGCTGTTGTTTGG",-7.31472699888023,2.19178125065863
"GACGTGCAGACGCACA",5.2408443187925,-4.82605019408167
"GACGTTAGTTACGCGC",-7.31104486234458,0.269116820666189
"GACTAACTCCCATTAT",3.24487353317467,-0.23229134279192
"GACTAACTCGGAATCT",3.78274709932534,1.04463645619452
"GACTACAGTCGTCTTC",6.01802022211282,-1.33883288699091
"GACTACATCATCGATG",-2.79525106199058,2.73775228661596
"GACTGCGCAATGCCAT",3.0294889604303,-3.1971208174795
"GAGCAGAAGCCCAGCT",5.64567095987527,-4.45288935500086
"GAGCAGAAGTGGCACA",-5.92585103757652,1.31335910958349
"GAGTCCGGTAATCACC",0.140460321829001,2.65717896622717
"GAGTCCGGTCTTCAAG",4.83738548509804,-3.39695087271631
"GATCAGTGTAGGAGTC",3.90648836843697,-3.1391567309469
"GATCGATGTAGTACCT",-5.82232969053062,1.63724610013067
"GATCGATTCACCGGGT",3.72425312750069,-0.970918567952518
"GATCGTAAGTAGTGCG",5.06591350786416,-3.5416704733938
"GATCGTACACGAAAGC",4.33155138246743,-3.4860600550741
"GATCGTAGTTCCCGAG",5.75212700121133,-1.64433244067133
"GATCTAGAGCTGCGAA",-4.27219407804282,2.04382559460699
"GATCTAGCAGTCAGCC",-3.33284156568321,2.43689474267065
"GATCTAGGTAGCAAAT",-6.53726499326499,3.01621755761206
"GATGAAATCAACACAC",-7.93175332792075,0.930567590418453
"GATGAGGTCTCTGTCG",3.34100527517525,-3.80442038374842
"GATGCTATCATCGGAT",-6.06354921109947,0.496222911301251
"GATTCAGGTCCATGAT",-4.58005159147056,1.96676465672552
"GATTCAGGTCTGATTG",-5.51354139097007,2.35241398018896
"GATTCAGTCCTATTCA",-6.74546354062827,0.770113913241024
"GCAAACTTCAACACGT",3.62772602789132,-3.81708947020472
"GCAATCACAACTGCTA",2.93227637760369,1.72227725190222
"GCACATAGTAACGCGA",5.73029811136452,-1.83717432814539
"GCACATAGTTCCGGCA",6.41805488817422,-0.771101208505039
"GCACTCTTCCATGAGT",4.62411911241738,0.382645157995815
"GCACTCTTCTCGCTTG",3.6644432043287,0.896069435301418
"GCAGCCAAGGAGTTTA",4.48521764032571,-4.20413771468103
"GCAGCCAAGGGCTTGA",-6.3364364410189,0.807174352827663
"GCAGCCACATTCTCAT",3.48373104088036,-4.11377564269007
"GCAGCCATCATCTGTT",-4.04600255735191,2.40220579308569
"GCATACACACATGACT",2.8201445584747,0.464770121398563
"GCATGATAGAGGACGG",-3.56923215635093,2.42896970910131
"GCATGATGTATGCTTG",-5.04816930539878,2.43948373002111
"GCATGATGTCGCGAAA",-8.62341325528892,1.30259880227148
"GCATGATTCCGAAGAG",5.47934109918801,-5.01719322997034
"GCATGCGAGAGAGCTC",6.23939568750588,-3.1970397551626
"GCATGCGAGTTCCACA",-5.24056833036216,2.92597707909643
"GCATGTACAATCGAAA",-7.43128888852866,3.86073407334387
"GCATGTAGTGTAATGA",-4.52143256910117,3.497083989802
"GCCAAATAGAATGTTG",-5.83206384427818,1.79680511159002
"GCCAAATTCCGTCAAA",6.50586325876443,-1.88895788985193
"GCGAGAACAAGACACG",6.23689276926247,-1.04528001147211
"GCGAGAACACGTTGGC",-7.7649442458895,1.60582265061438
"GCGAGAATCATGCAAC",3.39899993889062,-1.59853902655542
"GCGAGAATCGGTCTAA",-8.46130006559165,2.40977677506506
"GCGAGAATCGTCACGG",-6.45637815244468,1.26407870453894
"GCGCAACCACAACGTT",-5.26321857221397,0.853878704729672
"GCGCAACTCCAAAGTC",3.16417361252038,0.593282846632595
"GCGCAGTGTATCACCA",-7.28743856199058,1.13271865052282
"GCGCAGTGTGGTAACG",4.35772068254678,-4.33432713347376
"GCGCAGTTCACAACGT",-7.27209871061118,4.10484728020727
"GCGCCAAGTTAAGGGC",1.84104562751977,3.68103727501928
"GCGCCAATCAAGAAGT",-5.54232328183921,0.345833038809891
"GCGCGATCACATAACC",-5.93954770810874,0.146730763736363
"GCGCGATTCATTGCGA",4.10176141016213,1.13087859553396
"GCGGGTTAGGATATAC",-7.36125009305747,2.04764434498846
"GCGGGTTAGGGAAACA",-8.25435655362876,2.93547162217199
"GCGGGTTGTCAAAGAT",4.2933380102369,-3.55467525320948
"GCTCCTAGTATTCTCT",-4.65629213102134,3.02052220505774
"GCTCCTATCAGTTAGC",-5.29022138364585,1.44646236104071
"GCTCTGTAGATCACGG",3.28973955862252,-1.82457724409998
"GCTCTGTCAAGAGTCG",3.60634500734536,1.60365804833471
"GCTCTGTCATTCCTGC",3.68651158563821,-4.35968104201258
"GCTCTGTTCGATAGAA",-8.91630285032066,1.66305872601568
"GCTGCAGCAAAGGTGC",5.75998241655556,-3.7084573824972
"GCTGCAGTCAGTACGT",5.28181869737832,-3.68388882475794
"GCTGCGATCAGCAACT",5.54240758173196,-1.01034775572718
"GCTGGGTCACCACGTG",6.39334470979897,-3.95245543318689
"GCTGGGTCATATACGC",3.17699177019326,-0.962259443578129
"GCTTCCACAGGTCCAC",6.33921177141396,-1.07970455485285
"GCTTCCATCGTCCAGG",2.93153075329987,0.11871783984005
"GCTTCCATCTTTCCTC",-3.28401057966026,2.78996023339331
"GCTTGAAGTAGGCATG",-4.57633798368247,3.409357635203
"GGAAAGCAGCTAACTC",-7.14321725614341,1.69789907139837
"GGAACTTAGATCTGAA",-6.2376701141146,2.98795184296667
"GGAACTTCAACTGCTA",6.1292560791227,-2.27773109274805
"GGAACTTCAATACGCT",-5.89377324826988,2.27274212044775
"GGAATAATCCGTAGTA",5.81591517679421,-4.97409954863489
"GGACAAGGTAGCGTGA",-8.5243722701815,2.00203212899267
"GGACAAGGTGGCTCCA",-4.18353574521812,2.92555388611853
"GGACAGAAGTGAAGAG",2.12390835039345,3.37474736374914
"GGACAGATCAAAGTAG",4.88055140726296,-4.17772045927942
"GGACAGATCACCTCGT",3.57793195001809,-3.60547271567286
"GGACAGATCAGTGTTG",-7.83438508756431,1.41460868519842
"GGACAGATCCAAACAC",-8.11856572873863,3.19535884064733
"GGACATTAGAACTCGG",4.27829797022073,-3.67063895064295
"GGACATTAGTCATGCT",5.5860534404966,-4.49576273756922
"GGACATTCAGGGCATA",6.34133846513955,-2.38566747504175
"GGACATTCATTACCTT",-3.08311479337486,2.51776274842321
"GGACGTCAGCACAGGT",-7.72748487241538,0.955919412794704
"GGACGTCCACAGCGTC",0.190104076788108,2.45701464814245
"GGACGTCGTCAACATC",2.95400101892678,-1.52660301524103
"GGACGTCTCCGTTGCT",-7.20271318204673,3.27347191971838
"GGACGTCTCCTAGGGC",-5.06626765973838,3.30466660660803
"GGAGCAAGTCTAGTCA",5.62855989687173,-4.49770060378015
"GGAGCAATCCGAGCCA",2.06539119236199,1.94382771653234
"GGATGTTGTCATCCCT",-5.671466996744,1.50804778737127
"GGATTACAGCAATATG",-6.30039518125327,2.65529188317358
"GGCAATTAGCTGTCTA",-7.51335256345542,3.00700840157568
"GGCAATTAGTCGTACT",5.63956124536721,-0.247754575785999
"GGCCGATGTGCTTCTC",-6.84614484555991,1.03131779831945
"GGCGACTAGTACGCCC",3.55877263300149,-3.24402108984888
"GGCGACTAGTCCGTAT",-4.03203456647666,3.27866419953405
"GGCGTGTCACCGTTGG",3.322236189768,-0.333355041322117
"GGCTCGAAGTAGCGGT",-3.42538087613853,3.06121572655737
"GGCTCGACAAGTAGTA",-8.82862870939048,1.41349980038702
"GGCTCGACACTGTGTA",-5.11939113385947,1.50896104973852
"GGCTCGATCATTATCC",3.22583223335473,-0.077459247884159
"GGCTCGATCGGTTAAC",5.79201895944802,-1.23732724982203
"GGCTGGTCACGGTAAG",-7.46559160001548,3.37061533135473
"GGGACCTAGCAGCCTC",4.31245488874642,-2.01997009116114
"GGGACCTCATCCCATC",3.73027307741372,-1.81010571318567
"GGGACCTTCGACAGCC",-3.21120898969444,3.11062940758764
"GGGAGATAGATATGGT",5.43697125665871,-2.7218724806875
"GGGAGATAGCGTTTAC",3.21294934503762,0.777659682455654
"GGGATGAAGAGGACGG",-8.70626085050376,1.61028048199713
"GGGATGACAAGGTTCT",4.39017195455758,-4.02655020552576
"GGGATGACACCAGGTC",3.32011176101891,1.14918562573492
"GGGATGAGTTCTGTTT",4.31341643087594,0.184492187473173
"GGGCACTAGCCTATGT",-5.533376863077,2.25101312798559
"GGGCATCCATGCTAGT",-5.72494237668784,2.05261620682775
"GGGCATCGTCGGCATC",4.80587393991677,-4.1706828196615
"GGGCATCGTGACGGTA",3.56282819263665,-3.59369388419092
"GGGTCTGGTAGAGTGC",4.60123045198647,0.542194692316647
"GGGTCTGTCATCATTC",-5.73259847409995,0.201812241125102
"GGGTTGCCAGCTCGCA",6.67607815019814,-2.7814427931875
"GGGTTGCGTACGCTGC",4.00068087331979,0.736136821928616
"GGGTTGCGTGGCAAAC",5.81193406336037,-1.7823611815542
"GGTATTGCATCCTAGA",2.19774133913247,1.82727786702215
"GGTATTGTCTGTCTAT",6.31921989671914,-1.13352146941126
"GGTGAAGGTCCAGTAT",3.9828675483915,-2.79648176032007
"GGTGTTAGTAACGCGA",6.03654319994179,-0.504103632745151
"GTAACGTAGTGCTGCC",-6.86254899747642,0.347769705477352
"GTAACTGCACCAGTTA",-8.81186692960532,1.62781497639715
"GTAACTGGTACCGTAT",2.84176407210557,-1.39134517508448
"GTAACTGGTTAAAGTG",4.10457296125619,-2.89308324652613
"GTACTCCAGGAATGGA",5.48252565614907,-0.112828733500843
"GTACTCCCACAGACAG",3.97980315439431,-3.03139344054163
"GTACTTTGTGAAAGAG",-7.62021940000327,3.02218970459997
"GTAGGCCCAAGAGGCT",-5.88088338620933,2.71184024018347
"GTAGGCCGTAATCACC",6.64546234361855,-1.97823801833094
"GTAGGCCGTCGCCATG",-3.95688598401817,2.65001305741369
"GTAGTCACATACAGCT",-4.62583368070396,2.29880508584082
"GTAGTCACATATGGTC",-6.99349229581626,2.00808021229803
"GTAGTCAGTTCCACAA",-8.74739282377036,2.29662260216772
"GTATCTTTCTTGTACT",-2.91620795972617,2.69253024262487
"GTATTCTAGTGTACTC",5.7615278457853,-3.40579620200098
"GTATTCTCAGCCAGAA",5.97185904733865,-1.4314467032522
"GTCAAGTCAGACAAGC",-7.03317945249351,0.373780293288822
"GTCACGGAGTTGCAGG",2.97239730708329,0.245508327978845
"GTCACGGGTCAGCTAT",4.08672160856454,-3.68546167212427
"GTCATTTCACCGAAAG",6.5227947925779,-2.06976166563929
"GTCCTCAAGACATAAC",2.33087363295285,1.78282066983282
"GTCGGGTAGCAGGCTA",4.10782832853524,-4.66758290129602
"GTCGGGTGTGGGTCAA",5.61978108637063,-3.15228381949366
"GTCGGGTTCACAACGT",6.39768368952004,-0.768267544087772
"GTCGTAATCCGTAGTA",1.49885327570168,3.51464757126867
"GTCGTAATCTTTACGT",-4.28761213071616,3.34350165528357
"GTCTCGTGTTCAGACT",6.2256129478666,-3.53876534300745
"GTCTTCGAGCTCCTTC",-7.12001054532798,0.307052453878517
"GTGAAGGCAATGAATG",-5.32751004941734,1.91942664784491
"GTGAAGGGTCGCGAAA",5.51287157289712,-1.12881532507837
"GTGAAGGTCGTTTGCC",6.33749372713296,-1.4695543368429
"GTGCAGCAGAGTAATC",2.78658726267544,-0.412587674435978
"GTGCAGCAGGCATTGG",5.78343970529763,-2.64205089407862
"GTGCAGCGTTGTTTGG",2.02750630132882,3.35401972931921
"GTGCAGCTCATGCATG",-8.10619561918052,1.55067989033758
"GTGCATACACCACCAG",3.06651152126519,1.69026097458899
"GTGCTTCTCAACACTG",4.30754430048196,0.345658263090248
"GTGGGTCGTATTCTCT",4.1234994625303,-0.835966976460819
"GTGTGCGTCGGAATCT",4.49397046320168,0.631673721495266
"GTGTTAGCAATCTACG",5.53683955423562,-4.68166294890345
"GTGTTAGCACCCTATC",4.62198073618142,-2.69832793074549
"GTGTTAGGTTAGAACA",2.95762817017762,1.72243127030432
"GTTAAGCCAATGTAAG",5.33674843065469,-3.77131596404017
"GTTACAGGTAATCGTC",-6.85390775449546,0.85851773423254
"GTTACAGGTACGACCC",3.35896069757668,0.187413675609226
"GTTACAGGTCAAGCGA",-5.97555082090171,0.130623755875225
"GTTACAGTCTTGTTTG",-6.68090837247642,2.29896911782324
"GTTCATTAGAGACTAT",5.81994683496682,-2.55004444914759
"GTTCGGGAGATGTCGG",2.34669847242562,1.9346615950495
"GTTCGGGCACTTGGAT",4.44586581937997,-3.92859450179041
"GTTCTCGAGAGGTTGC",-3.29599159009727,2.46632537049353
"GTTCTCGCAATCACAC",5.99798280946938,-4.43656960326136
"GTTCTCGGTAATAGCA",-8.36853139646323,0.86012986105978
"TAAACCGAGGAACTGC",-7.69243829496177,3.00161275071203
"TAAACCGCACGGATAG",0.0928655361386936,2.69798692864477
"TAAACCGCAGATTGCT",-6.82444875486167,3.15886744660437
"TAAACCGTCAAACCAC",-6.94977872617515,2.43305501145422
"TAAGAGATCTGAGTGT",3.92467207662789,-1.38737264471949
"TAAGCGTAGCCCAGCT",4.11530859224526,-1.59046760397852
"TAAGCGTCAGGCAGTA",4.63032490961282,0.647600410404797
"TAAGCGTGTCTAACGT",-8.1371595168856,2.87727603119909
"TAAGTGCAGAATAGGG",3.02288834206788,-2.98228326636255
"TAAGTGCCAATCACAC",5.51058394663064,-4.59322157698572
"TACACGAAGTGAATTG",-6.50370710141929,2.9437449852854
"TACACGAAGTTAACGA",3.68538994543282,-0.680890711125736
"TACACGACACAAGCCC",-7.69538896329673,3.40746101540625
"TACACGAGTCAAAGAT",-8.06415765531333,2.20879289311468
"TACACGAGTTGAACTC",3.0995742177221,-3.58260503607691
"TACAGTGCAGACGCTC",4.59261972658364,-4.47981444197596
"TACAGTGGTAACGTTC",-7.9662496352938,1.1753722707659
"TACAGTGGTTCTCATT",4.58676154367654,-4.01926413374842
"TACCTATAGATGGCGT",-6.30820577390464,2.97682365578711
"TACGGGCCACCACCAG",3.85933370344369,-3.28629341917933
"TACGGTAAGCGTAGTG",-8.66555230863364,2.04987129372656
"TACGGTATCAGTTAGC",-5.29946534879478,2.51890167397558
"TACTCGCGTTCCAACA",-5.74913232572349,3.03193411034643
"TACTTACAGACACGAC",6.18454582445351,-0.587633522328739
"TACTTACCAAGAGTCG",2.87045706264702,-0.368812235173588
"TACTTACGTTAAGAAC",4.1715323423597,-2.3023773749441
"TACTTACTCTGACCTC",2.97161979429452,-3.66820135909021
"TACTTGTAGAGGTAGA",3.73993713609902,0.410408122363682
"TACTTGTGTAGCGTCC",4.71369154207436,-4.37535038786829
"TACTTGTTCACTGGGC",-7.87088792569907,0.896610705080624
"TAGACCAAGACAGACC",-7.17843358762534,2.75449809235632
"TAGCCGGCATAACCTG",-3.09468667753013,3.07328018349707
"TATGCCCCACCCATGG",-4.3588768745211,2.36432894867956
"TATTACCAGTACGATA",-6.89969365842613,1.21051040095388
"TATTACCGTTTAAGCC",-7.41401880033286,2.21139666241705
"TATTACCTCGATAGAA",3.33921832792489,-2.69284072714746
"TCAACGAGTTTGGCGC",-3.7649933601168,3.17617997330725
"TCAACGATCCGCATAA",5.37907035104958,-4.25355521040857
"TCAATCTAGTGTGGCA",-8.44476716764243,0.948374597254391
"TCAATCTCACGACTCG",5.06679780237405,-3.16451302367151
"TCACGAAAGTTAACGA",-7.14070337064536,2.48079213303625
"TCACGAACACAGGCCT",3.80901951544015,-4.44537773924768
"TCACGAAGTTTGTTGG",-0.256533076837381,2.42943128747046
"TCAGATGGTTACGCGC",4.39293355695931,-3.25435629683435
"TCAGATGGTTGATTCG",2.84930400006501,-1.41248265105188
"TCAGCAAAGGCTATCT",3.43314207546441,-3.04909196692408
"TCAGCAACAGACGCCT",4.47945172540871,0.905631987276669
"TCAGCAAGTACAGCAG",5.29582459680764,-2.72400513487757
"TCAGCAATCATATCGG",6.02916748277871,-0.992515953359013
"TCAGCTCCAAGAGGCT",5.58023912660805,-4.65932837325037
"TCAGCTCTCGTAGGTT",4.53626341573922,-1.90079918700159
"TCAGGATGTTCCATGA",4.64663560144631,-4.35779515105188
"TCAGGATTCCCAACGG",-8.12347524411948,1.64122208756506
"TCAGGTACACGAAGCA",-5.33700435407432,1.08434006375372
"TCAGGTACACGGTAGA",4.53931267015664,0.566118178787823
"TCAGGTATCATACGGT",3.11018753998009,0.677384791794415
"TCATTACAGTGCCATT",4.82735426180093,0.862953511896725
"TCATTACGTACGCACC",2.25260008327691,2.95735725564062
"TCATTACTCGAATCCA",-8.79820173032554,2.34776100319921
"TCCACACGTACTTCTT",-0.495882918908914,2.56102022332251
"TCGAGGCCATTGGCGC",5.02818352930276,-3.674617679891
"TCGCGAGAGACATAAC",-5.33759420163902,1.67807563942968
"TCGCGAGAGATCGATA",-8.36400048978599,0.880478946390743
"TCGCGAGCATGGATGG",3.45587606184212,-3.86269989806116
"TCGCGAGTCCGCTGTT",0.349931547567527,2.3074072281748
"TCGCGTTGTGACCAAG",3.5261260961744,-3.39129534560144
"TCGCGTTTCGAATGCT",4.63581902734963,-0.188291194018726
"TCGGGACTCACTCCTG",3.56008381597726,-2.02807894545496
"TCGGTAAAGCAATCTC",-0.185715129449685,2.3794332425028
"TCGGTAAGTGACGGTA",3.89624042265145,-2.32959452467859
"TCGGTAAGTTTACTCT",2.18978200309006,3.02100714844763
"TCGGTAATCCGCGCAA",-7.94471948392661,2.93522485894262
"TCGTACCGTCGAATCT",5.41006452791421,-2.34506192999781
"TCGTAGACAACAACCT",4.23634452573983,-4.61595478850306
"TCGTAGATCGCGTAGC",-6.27411859281333,1.53152665299475
"TCTATTGCAAACGCGA",2.48209958724705,1.71987542313635
"TCTATTGGTGCGAAAC",-6.61692445524009,0.225378549090768
"TCTCATATCGGTGTCG",-7.48772065885337,2.39626845521032
"TCTCTAAAGCGTAATA",-8.68442933805259,1.21004769009649
"TCTTCGGGTTTGTGTG",4.77837211839883,-3.79003420668543
"TCTTTCCAGTACGACG",4.15562243215768,-3.51296201544703
"TCTTTCCAGTGGTCCC",6.20847160570351,-4.06494322615564
"TCTTTCCTCACCGTAA",3.36128462307183,-2.272447260198
"TCTTTCCTCGGCGCTA",-5.6756583953646,0.244972716915603
"TGAAAGAAGCCACCTG",1.34584374181954,3.44305214089453
"TGACAACCACGCGAAA",3.85249228231637,-0.43960842686594
"TGACAACCACGGCTAC",-8.63364713437827,2.5897878090769
"TGACTAGAGGCAGTCA",4.15566820852486,-4.53353634673059
"TGACTAGCACGTCTCT",3.58033401720254,-2.87803998785913
"TGACTTTTCCGCATAA",-8.15498655088218,2.19979569119513
"TGAGAGGAGTATCGAA",-5.95222203977378,1.53977903527319
"TGAGCCGAGACAAGCC",4.35783428899972,-0.978487523373966
"TGAGCCGAGCACGCCT",-7.24943082578452,1.83445760411322
"TGAGGGAAGTTAAGTG",4.45159036867348,-0.359316440400486
"TGAGGGATCGTCGTTC",-3.31370036847862,2.61301860016882
"TGATTTCGTAACGTTC",4.01000518552987,0.739364532652493
"TGATTTCTCACAGGCC",3.41319973222939,-3.94221201735437
"TGCACCTAGAGGTACC",-0.105762651040872,2.4400726239115
"TGCACCTGTCGCGGTT",5.62869794122903,-0.0749714990228461
"TGCCAAAGTTAGAACA",5.88782984964577,-2.03651109534204
"TGCCCATAGCCTTGAT",5.67866284601418,-5.1094354708761
"TGCCCATGTACTTGAC",6.43592173807351,-4.04740658598841
"TGCCCTAAGACGACGT",4.17238147012917,-2.85995593863428
"TGCGCAGAGAGACTTA",-5.4151455665377,1.56460842293798
"TGCGCAGGTATATGGA",-7.15029733426841,1.99867078465521
"TGCGGGTTCATTGCGA",5.38902194254128,-2.49257961111963
"TGCGTGGAGCGAAGGG",-6.61861150510581,1.22504856986105
"TGCGTGGCATATGAGA",-2.99781768567832,2.74976977509558
"TGCGTGGGTACAGACG",-6.16004770047935,1.20607563656866
"TGCTACCAGATGTCGG",6.05499202959267,-0.875871451672916
"TGCTACCCACGAGGTA",-6.36193006284507,0.596238730373974
"TGCTGCTCAAGCGAGT",5.56554896585671,-0.353569658574467
"TGCTGCTCACCCATTC",-0.399456193521341,2.6546927372843
"TGCTGCTGTCTAGAGG",6.29635317079751,-1.58751741248072
"TGGACGCAGAAGGTGA",6.28679473154275,-0.80332616167963
"TGGACGCCACCAACCG",-8.82473676450523,1.67871483964026
"TGGCCAGCAGTATGCT",-8.67373197324546,2.94002255600988
"TGGCCAGGTCTCATCC",-7.53373830564292,2.23085459870398
"TGGCCAGTCACAATGC",-6.77975480802329,2.77564486664831
"TGGCGCAAGAATAGGG",-5.71798818357261,2.66493090790808
"TGGCGCATCGAGAACG",-5.5353357101229,1.72533079785406
"TGGCTGGAGCACAGGT",3.26029987089364,-1.34704068499506
"TGGCTGGTCAGGCCCA",6.4920011257383,-3.52158346968592
"TGGGCGTAGTATCTCG",3.01700509540765,1.32919308346807
"TGGGCGTGTTCCACGG",-7.85153215177329,2.66745003861486
"TGGGCGTTCAAAGACA",3.85969192735879,-2.037086637792
"TGGTTAGGTCGGGTCT",5.54709918253152,-4.83214226561487
"TGGTTCCCATGCTAGT",6.44011051408974,-1.15756526785791
"TGGTTCCTCATGGTCA",-5.96414678342613,2.47619089287817
"TGTATTCCATGATCCA",-3.58154742963584,2.49722489518225
"TGTATTCTCTGAAAGA",3.18385542385308,-3.56349769431055
"TGTCCCACATGGTCTA",5.19528419725625,0.1662642265588
"TGTGGTAAGAGCCTAG",4.33883077852456,-3.98474970656336
"TGTGGTAGTGTAAGTA",4.30579704992501,-3.95821848708094
"TGTTCCGCACCTCGTT",3.71168822996346,-0.574821623143558
"TTAGGACAGCCAGTTT",4.47005278818337,-0.198700996217136
"TTAGGACAGTGAATTG",3.5776557420942,0.187543054941292
"TTAGGACCACAGGCCT",3.99167639963357,-4.37432375746668
"TTAGGACGTGTATGGG",3.93532593004433,-0.937678726491337
"TTAGTTCAGATCCCGC",3.93421370737282,-4.02258387404383
"TTATGCTGTTGATTGC",-6.81752317197593,2.46164306801855
"TTCGAAGTCACCTCGT",3.05391917578904,-3.49214068251551
"TTCGAAGTCAGGTAAA",3.21483124248711,-0.678129645165806
"TTCGGTCAGTGGCACA",2.94266090743272,-2.81321111517847
"TTCGGTCTCCTGCAGG",3.9909915422651,-2.39934316473902
"TTCTACAAGATGGGTC",4.32794673196999,-2.46568599539698
"TTCTCAAGTCCGAACC",2.77951174430577,-0.602175029096012
"TTCTCAATCTGATTCT",5.05331785433022,-1.71228316622675
"TTCTTAGGTTTGGCGC",3.83926970712868,-1.26014056998194
"TTCTTAGTCATTGCGA",-4.7529665733126,1.85039076012671
"TTGACTTCATATACCG",4.58757788889138,-4.35561743575037
"TTGCGTCAGAGACTTA",-5.62673585660728,2.19622310799658
"TTGGAACAGGGCATGT",5.2281010841581,-1.89962592917383
"TTGGAACAGTAAGTAC",-7.16831319577964,0.680278627100582
"TTGGAACCACCGTTGG",0.0264778827878636,2.3692501465708
"TTGGCAATCAGTTTGG",3.57875699751107,-0.891615184125309
"TTGGCAATCGTTTGCC",1.59153849832741,2.03790947598516
"TTGGCAATCTTGTTTG",5.41951448671548,-4.10116806822718
"TTGTAGGTCTTCAACT",-8.60769098050864,1.7309227864176
"TTTACTGGTACTCGCG",5.74348337404458,-0.518667968091373
"TTTATGCGTAAAGTCA",3.91748244516579,-3.97542992430628
"TTTATGCTCCTCATTA",6.13828308336465,-3.2256259043783
"TTTATGCTCTGTTGAG",5.12416918031899,-1.43003931837976
"TTTCCTCTCGGAAACG",3.8075962757322,-2.5598167498678
"TTTGCGCCAATCACAC",3.78303451292245,1.33324572247564
"TTTGTCATCTTGTATC",4.5665541385862,-1.1339932997793
